actor,instrument,objective,sector,climate_amount_usd_m
European Investment Bank,debt,mitigation,energy,46132.957362586145
European Investment Bank,debt,mitigation,transport,43389.430797914065
World Bank (IBRD/IDA),debt,both,transport,20257.7363
World Bank (IBRD/IDA),debt,mitigation,energy,19330.5637
World Bank (IBRD/IDA),debt,both,water,13750.6028
European Investment Bank,debt,mitigation,industry_mining,13535.122221865751
Japan / Japanese International Co-operation Agency,debt,mitigation,transport,12545.3340814
European Investment Bank,debt,mitigation,other,9176.161460649799
World Bank (IBRD/IDA),debt,both,agriculture_land_use,7847.5236
European Investment Bank,debt,both,transport,7612.972325422922
World Bank (IBRD/IDA),debt,both,other,7404.1598
World Bank (IBRD/IDA),grant,mitigation,energy,7116.6191
World Bank (IBRD/IDA),debt,both,energy,7104.1098
Asian Development Bank,debt,both,transport,6615.82068589
World Bank (IBRD/IDA),debt,both,finance_policy,6550.428
European Investment Bank,debt,both,energy,5887.566029560196
World Bank (IBRD/IDA),debt,adaptation,water,5821.52
World Bank (IBRD/IDA),debt,mitigation,transport,5742.9889
Inter American Development Bank,other,mitigation,other,5402.1923364141
World Bank (IBRD/IDA),debt,adaptation,transport,4733.2557
Asian Development Bank,debt,both,energy,4535.645363348569
World Bank (IBRD/IDA),debt,adaptation,finance_policy,4506.1599
World Bank (IBRD/IDA),grant,both,energy,4326.442
European Investment Bank,debt,both,water,4302.941181482091
Asian Development Bank,debt,both,other,4298.12927677
European Investment Bank,guarantee,mitigation,other,4020.175905622603
Asian Development Bank,debt,both,water,3778.28997881
Inter American Development Bank,other,mitigation,energy,3751.1320251861002
European Bank for Reconstruction and Development ,debt,both,energy,3638.0434099999998
European Investment Bank,debt,both,education,3505.550921829973
Asian Development Bank,debt,both,agriculture_land_use,3264.10930921
European Investment Bank,debt,both,buildings,3235.595749282887
Germany / KfW Bankengruppe (KfW banking group),debt,mitigation,energy,3167.7699986
World Bank (IBRD/IDA),grant,both,water,2575.562
World Bank (IBRD/IDA),debt,both,education,2242.8949
World Bank (IBRD/IDA),grant,both,transport,2221.0731
World Bank (IBRD/IDA),debt,both,health,2212.9356
European Investment Bank,debt,adaptation,water,2177.023566397
United States / International Development Finance Corporation,debt,mitigation,transport,2136.6088
European Investment Bank,debt,mitigation,health,2091.8895619354844
Asian Development Bank,debt,mitigation,energy,2017.0447372371434
World Bank (IBRD/IDA),debt,mitigation,finance_policy,1891.9423000000002
European Investment Bank,debt,mitigation,buildings,1883.5311884419484
World Bank (IBRD/IDA),debt,adaptation,other,1807.9395
Inter American Development Bank,other,both,transport,1784.454840071
Inter American Development Bank,other,adaptation,other,1715.1633522995
European Investment Bank,guarantee,mitigation,transport,1686.8881184444272
Inter American Development Bank,other,adaptation,transport,1682.6623015224
Japan / Japanese International Co-operation Agency,equity,mitigation,other,1572.5082400000001
United States / Agency for International Development,grant,adaptation,health,1557.7353268000002
World Bank (IBRD/IDA),grant,both,agriculture_land_use,1555.41
World Bank (IBRD/IDA),debt,mitigation,water,1476.963
IMF Resilience and Sustainability Trust,debt,both,transport,1419.3699908
Korea / Export-Import Bank of Korea,debt,adaptation,transport,1308.3588
Germany / KfW Bankengruppe (KfW banking group),debt,mitigation,transport,1290.5156864
World Bank (IBRD/IDA),debt,mitigation,other,1284.1502
Inter American Development Bank,other,mitigation,water,1281.62721
World Bank (IBRD/IDA),grant,both,finance_policy,1273.426
World Bank (IBRD/IDA),grant,both,other,1264.2385
African Development Bank,other,adaptation,other,1264.20481581016
World Bank (IBRD/IDA),debt,both,industry_mining,1258.574
World Bank (IBRD/IDA),debt,adaptation,agriculture_land_use,1220.272
Inter American Development Bank,other,adaptation,water,1201.1579771019
European Investment Bank,debt,both,other,1193.7480412504
World Bank (IBRD/IDA),grant,adaptation,finance_policy,1175.47
EU Institutions / European Commission,grant,both,other,1167.5567792
Inter American Development Bank,other,both,energy,1156.02721797
World Bank (IBRD/IDA),grant,adaptation,water,1135.384
World Bank (IBRD/IDA),debt,both,buildings,1093.4955
World Bank (IBRD/IDA),debt,adaptation,buildings,1055.036
France / French Development Agency,debt,both,finance_policy,1010.0437922
Inter American Development Bank,other,both,other,956.1734100000001
Japan / Japanese International Co-operation Agency,debt,both,transport,945.8903014
Asian Development Bank,debt,both,health,911.55117834
European Investment Bank,guarantee,mitigation,industry_mining,903.96669278943
Korea / Export-Import Bank of Korea,debt,both,transport,881.3042
EU Institutions / European Commission,grant,both,transport,880.6597344
European Investment Bank,guarantee,both,transport,865.04
Germany / Federal Ministry for Economic Cooperation and Development,grant,mitigation,energy,862.450796
World Bank (IBRD/IDA),debt,mitigation,agriculture_land_use,821.5712
Asian Development Bank,debt,mitigation,other,805.3900493599999
France / French Development Agency,debt,both,industry_mining,801.3172822
France / French Development Agency,debt,mitigation,energy,793.7393860000001
European Investment Bank,debt,mitigation,education,793.2563465000001
France / French Development Agency,debt,mitigation,transport,791.570207
EU Institutions / European Commission,grant,mitigation,transport,777.1609714000001
IMF Resilience and Sustainability Trust,debt,adaptation,transport,775.9846220000001
United States / Agency for International Development,grant,both,health,772.703566
European Investment Bank,debt,adaptation,agriculture_land_use,763.2811024
World Bank (IBRD/IDA),grant,mitigation,transport,755.2013999999999
World Bank (IBRD/IDA),grant,adaptation,transport,752.0245
Germany / Federal Ministry for Economic Cooperation and Development,grant,adaptation,other,699.9457774
European Investment Bank,debt,mitigation,water,696.0367738566105
World Bank (IBRD/IDA),debt,mitigation,industry_mining,679.3605
Japan / Japanese International Co-operation Agency,debt,mitigation,energy,672.96389
World Bank (IBRD/IDA),debt,adaptation,health,666.0504
IMF Resilience and Sustainability Trust,debt,mitigation,transport,661.4774508
European Investment Bank,equity,mitigation,industry_mining,659.4968339999999
Inter American Development Bank,other,both,agriculture_land_use,651.486958
EU Institutions / European Commission,grant,mitigation,energy,641.4637624
Korea / Export-Import Bank of Korea,debt,mitigation,energy,633.885871
Inter American Development Bank,other,adaptation,energy,630.2133251976
EU Institutions / European Commission,grant,both,agriculture_land_use,621.4822918
World Bank (IBRD/IDA),other,mitigation,energy,621.0855
European Investment Bank,equity,mitigation,transport,609.011908005435
France / French Development Agency,debt,both,energy,606.549488
World Bank (IBRD/IDA),other,both,energy,605.5
France / French Development Agency,debt,both,water,593.6748484
African Development Bank,other,adaptation,agriculture_land_use,589.624025769
European Investment Bank,debt,adaptation,health,575.07243
European Investment Bank,debt,adaptation,other,564.40602
EU Institutions / European Commission,grant,both,energy,561.871788
World Bank (IBRD/IDA),debt,mitigation,waste,550.8565
Netherlands / Ministry of Foreign Affairs of the Netherlands,grant,adaptation,other,549.5358544000001
European Bank for Reconstruction and Development ,debt,both,water,548.23183
France / French Development Agency,debt,both,buildings,543.336752
EU Institutions / European Commission,grant,both,finance_policy,539.9363206
United States / International Development Finance Corporation,equity,mitigation,transport,537.5
Asian Development Bank,debt,adaptation,agriculture_land_use,536.662
Japan / Japanese International Co-operation Agency,debt,adaptation,water,532.1565478
African Development Bank,other,mitigation,other,516.69541937286
United Kingdom / British International Investment,equity,mitigation,energy,515.7645736000001
European Investment Bank,equity,mitigation,energy,512.6348961722595
World Bank (IBRD/IDA),grant,both,health,511.271
Germany / KfW Bankengruppe (KfW banking group),debt,adaptation,water,503.9947138
Germany / KfW Bankengruppe (KfW banking group),debt,mitigation,finance_policy,492.684482
Norway / NORFUND,equity,mitigation,energy,480.1077952
Germany / Deutsche Investitions- und Entwicklungsgesellschaft mbH (German Investment and Development Company),debt,mitigation,energy,478.307526
European Investment Bank,debt,adaptation,transport,472.38010399999996
France / Proparco,debt,mitigation,industry_mining,467.164606
Inter American Development Bank,other,mitigation,transport,465.1033630746
IMF Resilience and Sustainability Trust,debt,mitigation,energy,459.4008504
Japan / Japanese International Co-operation Agency,debt,adaptation,transport,458.276818
Inter American Development Bank,other,adaptation,agriculture_land_use,441.45804499999997
Asian Development Bank,debt,adaptation,transport,440.05250703999997
United Kingdom / British International Investment,equity,mitigation,finance_policy,437.7058924
France / French Development Agency,debt,mitigation,other,436.94570619999996
African Development Bank,other,adaptation,water,434.38891003942
Germany / Federal Ministry for Economic Cooperation and Development,grant,adaptation,water,415.3598256
African Development Bank,other,mitigation,transport,414.37001478214
EU Institutions / European Commission,grant,adaptation,other,413.0129804
Germany / Federal Ministry for Economic Cooperation and Development,grant,both,other,409.53639560000005
United States / Agency for International Development,grant,adaptation,agriculture_land_use,404.3257874
France / Proparco,debt,mitigation,energy,403.293507
Global Environment Facility / GEF Trust Fund,grant,both,agriculture_land_use,386.3102508
Asian Development Bank,debt,mitigation,transport,381.6845893980161
African Development Bank,other,mitigation,energy,379.97045983148
EU Institutions / European Commission,grant,mitigation,industry_mining,377.9225402
Asian Development Bank,debt,both,education,371.02503834
Germany / Federal Ministry for Economic Affairs and Climate Action,grant,mitigation,energy,369.8794506
Germany / Federal Ministry for Economic Cooperation and Development,debt,mitigation,energy,363.67019799999997
United States / Agency for International Development,grant,mitigation,energy,355.864003
France / French Development Agency,debt,both,transport,351.58811860000003
France / French Development Agency,debt,both,other,337.3842764
Asian Development Bank,debt,both,industry_mining,334.186
"United Kingdom / Foreign, Commonwealth and Development Office",grant,both,finance_policy,330.2615348
European Investment Bank,debt,both,agriculture_land_use,329.61773095999996
EU Institutions / European Commission,grant,both,industry_mining,311.2678002
Asian Development Bank,grant,both,agriculture_land_use,306.42172543412664
France / French Development Agency,debt,adaptation,buildings,303.4148568
Inter American Development Bank,other,both,finance_policy,298.747523
European Investment Bank,guarantee,mitigation,energy,290.9743652498331
France / Proparco,debt,mitigation,finance_policy,286.983029
France / French Development Agency,debt,adaptation,water,286.582357
France / French Development Agency,debt,both,agriculture_land_use,283.8800764
Norway / NORFUND,debt,mitigation,energy,282.567213
World Bank (IBRD/IDA),grant,both,education,280.613
European Bank for Reconstruction and Development ,debt,both,agriculture_land_use,279.25741
Asian Development Bank,grant,both,energy,273.3975252203667
World Bank (IBRD/IDA),debt,mitigation,education,269.7096
World Bank (IBRD/IDA),other,both,finance_policy,265.4
Netherlands / Ministry of Foreign Affairs of the Netherlands,grant,adaptation,agriculture_land_use,262.286287
World Bank (IBRD/IDA),grant,mitigation,other,261.566
"United Kingdom / Foreign, Commonwealth and Development Office",grant,both,transport,259.1079246
EU Institutions / European Commission,grant,adaptation,agriculture_land_use,255.746431
Germany / Federal Ministry for Economic Cooperation and Development,grant,adaptation,transport,255.15964
United Kingdom / Department of Energy and Climate Change,grant,both,agriculture_land_use,254.99676499999998
EU Institutions / European Commission,grant,adaptation,transport,252.2455978
Norway / Ministry of Climate and Environment,grant,mitigation,finance_policy,249.54176900000002
United States / Agency for International Development,grant,adaptation,water,249.3902028
Asian Development Bank,debt,adaptation,water,248.118
Inter American Development Bank,other,mitigation,agriculture_land_use,247.97490962
European Bank for Reconstruction and Development ,other,both,energy,244.6224
World Bank (IBRD/IDA),other,mitigation,finance_policy,240.0
World Bank (IBRD/IDA),debt,adaptation,education,238.3668
United Kingdom / British International Investment,equity,mitigation,agriculture_land_use,237.093847
Germany / Federal Ministry for Economic Affairs and Climate Action,grant,mitigation,finance_policy,235.2121912
Japan / Japanese International Co-operation Agency,debt,both,industry_mining,235.1549822
Global Environment Facility / GEF Trust Fund,grant,both,other,231.401341
European Investment Bank,guarantee,mitigation,water,230.209
Private Infrastructure Development Group / Emerging Africa Infrastructure Fund,debt,mitigation,energy,220.96
EU Institutions / European Commission,grant,both,water,218.556969
Gates Foundation / Bill & Melinda Gates Foundation,grant,adaptation,agriculture_land_use,218.32750000000001
United Kingdom / Department of Energy and Climate Change,grant,mitigation,agriculture_land_use,216.763906
Council of Europe Development Bank / Council of Europe Development Bank (CEB),debt,adaptation,other,216.262976
United Kingdom / British International Investment,debt,mitigation,finance_policy,213.2753156
EU Institutions / European Commission,grant,adaptation,water,210.3993082
Asian Development Bank,grant,both,water,209.94988898666665
Germany / Federal Ministry for Economic Cooperation and Development,grant,mitigation,agriculture_land_use,207.7805538
France / Proparco,debt,mitigation,buildings,207.25592319999996
France / French Development Agency,debt,adaptation,other,206.536989
World Bank (IBRD/IDA),debt,mitigation,health,206.026
United States / International Development Finance Corporation,debt,both,transport,201.8
Japan / Japanese International Co-operation Agency,debt,adaptation,other,201.6234192
World Bank (IBRD/IDA),grant,adaptation,health,201.2821
Japan / Japanese International Co-operation Agency,debt,adaptation,health,200.64549920000002
Germany / Federal Ministry for Economic Cooperation and Development,grant,adaptation,agriculture_land_use,200.3057196
World Bank (IBRD/IDA),other,both,water,200.0
European Investment Bank,debt,both,industry_mining,199.517
Canada / Global Affairs Canada,debt,both,energy,199.510273
United Kingdom / Department of Energy and Climate Change,grant,mitigation,energy,197.794341
Netherlands / Ministry of Foreign Affairs of the Netherlands,grant,both,agriculture_land_use,197.703766
France / MINEFI/NATEXIS,debt,mitigation,water,194.636678
Germany / Federal Ministry for Economic Affairs and Climate Action,grant,both,transport,193.4593356
Netherlands / Ministry of Foreign Affairs of the Netherlands,grant,adaptation,water,191.9005248
United States / Agency for International Development,grant,adaptation,finance_policy,191.57465340000002
Norway / Ministry of Foreign Affairs,grant,mitigation,finance_policy,190.2985196
EU Institutions / European Commission,grant,mitigation,water,189.326534
Germany / Federal Ministry for Economic Cooperation and Development,grant,both,transport,188.65388760000002
Inter American Development Bank,other,mitigation,waste,184.799205
"United Kingdom / Foreign, Commonwealth and Development Office",grant,both,other,182.3288882
Germany / Federal Ministry for Economic Cooperation and Development,grant,both,agriculture_land_use,181.2245468
"United Kingdom / Foreign, Commonwealth and Development Office",grant,adaptation,other,180.1429304
EU Institutions / European Commission,grant,mitigation,other,178.1737874
Germany / Deutsche Investitions- und Entwicklungsgesellschaft mbH (German Investment and Development Company),debt,mitigation,finance_policy,174.47656120000002
Germany / Federal Ministry for Economic Cooperation and Development,grant,adaptation,buildings,174.0840662
European Investment Bank,equity,both,transport,169.19211610333394
Germany / Federal Ministry for Economic Cooperation and Development,grant,mitigation,transport,167.5733636
"United Kingdom / Foreign, Commonwealth and Development Office",equity,mitigation,finance_policy,167.4460206
Netherlands / Ministry of Foreign Affairs of the Netherlands,grant,both,other,164.99527220000002
United States / Agency for International Development,grant,adaptation,transport,163.6990738
"Italy / Ministry of Environment and Energy Security, funds administered by CDP",debt,mitigation,finance_policy,162.232317
EU Institutions / European Commission,grant,adaptation,industry_mining,160.3286026
European Investment Bank,guarantee,mitigation,buildings,157.662561804924
Inter American Development Bank,other,both,water,157.34396950000001
Austria / Austrian Development Bank,debt,mitigation,energy,156.790544
Norway / Norwegian Agency for Development Co-operation,grant,mitigation,agriculture_land_use,153.670641
European Investment Bank,debt,both,health,153.45139
European Investment Bank,guarantee,both,water,152.18059266597305
Asian Development Bank,debt,adaptation,other,150.61794700000002
OPEC Fund for International Development / OPEC Fund,debt,both,energy,150.0
Netherlands / Ministry of Foreign Affairs of the Netherlands,grant,both,finance_policy,149.6768768
Netherlands / Ministry of Foreign Affairs of the Netherlands,grant,both,water,149.09102539999998
France / French Development Agency,grant,adaptation,other,148.036773
Netherlands / Ministry of Foreign Affairs of the Netherlands,grant,both,energy,147.5081496
Global Environment Facility / GEF Trust Fund,grant,both,finance_policy,147.0367316
African Development Bank,other,adaptation,transport,146.9691384187502
Canada / Global Affairs Canada,debt,mitigation,energy,146.715328
Korea / Export-Import Bank of Korea,debt,mitigation,transport,146.682
United States / Agency for International Development,grant,mitigation,finance_policy,146.66991
World Bank (IBRD/IDA),debt,adaptation,energy,145.9
United States / Millennium Challenge Corporation,grant,mitigation,energy,145.831846
African Development Bank,other,mitigation,industry_mining,145.74942253066
World Bank (IBRD/IDA),grant,both,buildings,145.0
World Bank (IBRD/IDA),grant,mitigation,agriculture_land_use,144.195
United Kingdom / British International Investment,debt,mitigation,energy,143.4203744
France / French Development Agency,debt,adaptation,industry_mining,143.158917
EU Institutions / European Commission,grant,mitigation,finance_policy,140.58436840000002
Japan / Ministry of Foreign Affairs,grant,adaptation,transport,139.8359354
Germany / Federal Ministry for Economic Cooperation and Development,equity,mitigation,energy,138.412981
European Investment Bank,equity,mitigation,other,136.66276374801288
"Italy / Ministry of Environment and Energy Security, funds administered by CDP",debt,mitigation,energy,135.193597
"United Kingdom / Foreign, Commonwealth and Development Office",grant,adaptation,transport,134.8798382
United Kingdom / Department of Energy and Climate Change,grant,both,energy,134.071296
"United Kingdom / Foreign, Commonwealth and Development Office",grant,both,energy,132.05404000000001
Germany / KfW Bankengruppe (KfW banking group),debt,both,water,130.8533684
Global Environment Facility / GEF Trust Fund,grant,both,buildings,130.431535
Norway / Norwegian Agency for Development Co-operation,grant,mitigation,energy,130.200228
Canada / Global Affairs Canada,grant,adaptation,other,130.0782876
"United Kingdom / Foreign, Commonwealth and Development Office",grant,mitigation,energy,129.134579
Japan / Japanese International Co-operation Agency,debt,adaptation,industry_mining,127.66659000000001
United States / Agency for International Development,grant,both,agriculture_land_use,124.17991740000001
EU Institutions / European Commission,grant,adaptation,finance_policy,122.8997198
Global Environment Facility / GEF Trust Fund,grant,both,transport,122.317088
World Bank (IBRD/IDA),grant,mitigation,finance_policy,122.13
Germany / KfW Bankengruppe (KfW banking group),debt,mitigation,water,121.13346320000001
Asian Development Bank,grant,both,other,120.69824599904334
OPEC Fund for International Development / OPEC Fund,debt,mitigation,energy,120.0
European Bank for Reconstruction and Development ,debt,both,transport,119.92227
France / French Development Agency,debt,both,education,118.5149176
Austria / Austrian Development Bank,equity,mitigation,energy,117.358885
France / Proparco,debt,mitigation,other,117.151928
World Bank (IBRD/IDA),grant,adaptation,education,116.925
Asian Development Bank,grant,both,transport,116.83335303266666
Australia / Australian Government,grant,both,other,116.02033460000001
Australia / Australian Government,grant,adaptation,transport,113.5479176
United Kingdom / Department for Environment Food and Rural Affairs,grant,both,other,113.043359
Korea / Export-Import Bank of Korea,debt,both,finance_policy,110.0
Global Environment Facility / GEF Trust Fund,grant,mitigation,industry_mining,109.593514
Sweden / Swedish International Development Authority,grant,adaptation,other,108.9675902
France / French Development Agency,debt,adaptation,energy,108.154878
Germany / KfW Bankengruppe (KfW banking group),debt,adaptation,buildings,108.131488
Korea / Export-Import Bank of Korea,debt,adaptation,water,107.513
EU Institutions / European Commission,grant,mitigation,agriculture_land_use,105.4545148
CGIAR,grant,both,agriculture_land_use,104.0888786
France / French Development Agency,grant,adaptation,water,103.85193500000001
Germany / Federal Ministry for Economic Affairs and Climate Action,grant,mitigation,transport,102.04459800000001
Asian Development Bank,equity,mitigation,other,101.46176646
Germany / Federal Ministry for Economic Cooperation and Development,grant,mitigation,other,101.1424236
Japan / Other Ministries,grant,adaptation,other,100.9129994
European Investment Bank,equity,mitigation,water,100.71247442295436
Australia / Australian Government,grant,both,transport,100.5177094
United States / Agency for International Development,grant,adaptation,other,100.517348
Korea / Export-Import Bank of Korea,debt,adaptation,finance_policy,100.0
Korea / Export-Import Bank of Korea,debt,both,other,100.0
EU Institutions / European Commission,grant,both,buildings,99.9675924
David and Lucile Packard Foundation / David & Lucile Packard Foundation,grant,mitigation,transport,99.353508
Denmark / Ministry of Foreign Affairs,grant,both,other,99.0372844
African Development Bank,other,mitigation,buildings,97.89088582414
United Kingdom / Department of Energy and Climate Change,grant,mitigation,buildings,96.932204
Japan / Ministry of Foreign Affairs,grant,adaptation,water,96.48949
World Bank (IBRD/IDA),other,both,other,96.0
World Bank (IBRD/IDA),grant,adaptation,agriculture_land_use,95.1
United States / International Development Finance Corporation,equity,mitigation,energy,95.0
EU Institutions / European Commission,grant,adaptation,buildings,94.9218116
Germany / Federal Ministry for Economic Cooperation and Development,grant,adaptation,finance_policy,93.5897728
Children's Investment Fund Foundation,grant,mitigation,finance_policy,93.457656
United States / Agency for International Development,grant,mitigation,transport,93.3908436
Denmark / Ministry of Foreign Affairs,grant,adaptation,other,92.0387408
IKEA Foundation,grant,both,energy,92.01325
UNEP / Multilateral Fund under the Montreal Protocol on Substances that Deplete the Ozone Layer,grant,mitigation,other,91.32575899999999
France / Proparco,debt,mitigation,transport,90.4812652
"Italy / Ministry of Economy and Finance funds, administered by CDP",debt,mitigation,energy,90.309323
Canada / Global Affairs Canada,grant,adaptation,agriculture_land_use,90.0839574
Germany / KfW Bankengruppe (KfW banking group),debt,both,energy,89.7577892
Asian Development Bank,grant,mitigation,energy,89.473185
European Bank for Reconstruction and Development ,equity,both,energy,88.884
Australia / Australian Government,grant,both,energy,88.697963
African Development Bank,other,both,transport,87.0
Denmark / Ministry of Foreign Affairs,grant,mitigation,energy,86.784163
"United Kingdom / Foreign, Commonwealth and Development Office",grant,mitigation,finance_policy,86.68567820000001
Global Environment Facility / GEF Trust Fund,grant,mitigation,energy,86.610989
Council of Europe Development Bank / Council of Europe Development Bank (CEB),debt,mitigation,health,86.5051904
World Bank (IBRD/IDA),debt,mitigation,buildings,86.382
Norway / Norwegian Agency for Development Co-operation,grant,adaptation,finance_policy,85.26509300000001
World Bank (IBRD/IDA),grant,adaptation,buildings,84.5
Belgium / Directorate General for Co-operation and Development,grant,both,other,84.3268396
Norway / Norwegian Agency for Development Co-operation,grant,adaptation,agriculture_land_use,81.0576054
United States / Agency for International Development,grant,mitigation,agriculture_land_use,80.718818
United Kingdom / Department of Energy and Climate Change,grant,both,industry_mining,80.619964
United States / State Department,grant,mitigation,finance_policy,80.607214
Australia / Australian Government,grant,both,finance_policy,80.2731746
"United Kingdom / Foreign, Commonwealth and Development Office",grant,both,agriculture_land_use,80.025502
Germany / Federal Ministry for Economic Cooperation and Development,grant,both,water,79.7275676
Germany / Federal Ministry for Economic Affairs and Climate Action,grant,both,other,79.08945
Norway / Norwegian Agency for Development Co-operation,grant,adaptation,other,78.0822844
Asian Development Bank,grant,adaptation,agriculture_land_use,77.577385
France / French Development Agency,grant,adaptation,agriculture_land_use,77.534817
New Zealand / Ministry of Foreign Affairs and Trade,grant,both,energy,77.2770178
Asian Development Bank,debt,adaptation,education,75.0573756631935
Germany / Federal Ministry for Economic Affairs and Climate Action,grant,both,finance_policy,74.94640720000001
New Zealand / Ministry of Foreign Affairs and Trade,grant,both,transport,73.8917518
France / Proparco,equity,mitigation,industry_mining,73.6752196
Germany / Federal Ministry for Economic Affairs and Climate Action,grant,both,energy,73.3406502
France / Proparco,debt,both,industry_mining,73.2519166
European Investment Bank,debt,mitigation,agriculture_land_use,72.26297
"United Kingdom / Foreign, Commonwealth and Development Office",grant,both,health,72.2059954
Ireland / Department of Foreign Affairs,grant,adaptation,other,71.6655968
Norway / NORFUND,equity,mitigation,agriculture_land_use,71.079107
Belgium / Directorate General for Co-operation and Development,grant,both,agriculture_land_use,70.0908378
France / French Development Agency,grant,both,other,69.9920324
United States / Agency for International Development,grant,mitigation,other,69.780968
"United Kingdom / Foreign, Commonwealth and Development Office",grant,adaptation,buildings,69.1933126
World Bank (IBRD/IDA),grant,adaptation,energy,68.55
European Investment Bank,equity,both,agriculture_land_use,68.1604
Norway / Ministry of Foreign Affairs,grant,both,transport,68.0544682
Australia / Australian Government,grant,adaptation,other,67.6068146
EU Institutions / European Commission,grant,both,education,66.9570594
"Italy / Ministry of Economy and Finance funds, administered by CDP",debt,both,transport,66.51525
Japan / Japanese International Co-operation Agency,debt,both,agriculture_land_use,66.246234
World Bank (IBRD/IDA),other,adaptation,finance_policy,66.0
Korea / Export-Import Bank of Korea,debt,mitigation,health,65.44
Sweden / Swedish International Development Authority,grant,both,finance_policy,65.4343956
European Investment Bank,debt,adaptation,industry_mining,65.03735505703571
Germany / Deutsche Investitions- und Entwicklungsgesellschaft mbH (German Investment and Development Company),debt,mitigation,industry_mining,64.99538600000001
Germany / Federal Ministry for Economic Cooperation and Development,debt,mitigation,other,64.892927
Korea / Export-Import Bank of Korea,debt,both,education,64.8
World Bank (IBRD/IDA),debt,adaptation,industry_mining,64.11840000000001
France / Proparco,debt,mitigation,education,63.853406
Belgium / Belgian Investment Company for Developing Countries,debt,mitigation,finance_policy,62.652907400000004
EU Institutions / European Commission,grant,mitigation,health,61.90110000000001
Asian Development Bank,debt,mitigation,water,61.84
Australia / Australian Government,grant,both,education,61.759328000000004
United States / International Development Finance Corporation,debt,mitigation,energy,61.6
Sweden / SwedFund,equity,mitigation,energy,61.425961
Germany / Federal Ministry for Economic Cooperation and Development,grant,adaptation,education,61.38012340000001
Germany / Federal Ministry for Economic Cooperation and Development,grant,adaptation,health,61.1999654
Germany / Federal Ministry for Economic Cooperation and Development,grant,mitigation,finance_policy,61.03096300000001
Denmark / Ministry of Foreign Affairs,grant,both,transport,60.9656794
Germany / Federal Ministry for Economic Affairs and Climate Action,grant,adaptation,finance_policy,60.247421
EU Institutions / European Commission,grant,mitigation,education,59.71785560000001
Denmark / Ministry of Foreign Affairs,grant,adaptation,finance_policy,59.207429399999995
Germany / Deutsche Investitions- und Entwicklungsgesellschaft mbH (German Investment and Development Company),debt,mitigation,transport,59.0308416
Australia / Australian Government,grant,both,agriculture_land_use,58.7138718
Norway / Norwegian Agency for Development Co-operation,grant,mitigation,finance_policy,58.585075200000006
France / French Development Agency,grant,both,finance_policy,58.4555852
Germany / KfW Bankengruppe (KfW banking group),debt,both,transport,58.396616800000004
IMF Resilience and Sustainability Trust,debt,both,energy,58.328228800000005
"United Kingdom / Foreign, Commonwealth and Development Office",grant,adaptation,finance_policy,57.9334912
Sweden / SwedFund,equity,both,energy,57.6971036
Asian Development Bank,equity,mitigation,energy,57.625
Korea / Miscellaneous,grant,mitigation,energy,57.458739
United Kingdom / British International Investment,debt,mitigation,other,57.1912588
African Development Bank,other,mitigation,water,56.92087703479999
United Kingdom / British International Investment,equity,both,finance_policy,56.361715000000004
Global Environment Facility / GEF Trust Fund,grant,both,water,56.3463822
Japan / Japanese International Co-operation Agency,debt,adaptation,agriculture_land_use,56.3201572
Japan / Ministry of Foreign Affairs,grant,mitigation,energy,56.281736800000004
Denmark / Ministry of Foreign Affairs,grant,adaptation,agriculture_land_use,56.186009
Germany / Federal Ministry for Economic Cooperation and Development,grant,both,finance_policy,56.094604000000004
"United Kingdom / Foreign, Commonwealth and Development Office",grant,adaptation,water,56.0215758
France / French Development Agency,debt,mitigation,finance_policy,55.7910794
Germany / Federal Ministry for Economic Affairs and Climate Action,grant,adaptation,other,55.7171462
France / French Development Agency,grant,both,agriculture_land_use,55.5610532
Netherlands / Ministry of Foreign Affairs of the Netherlands,grant,mitigation,other,55.4634232
Denmark / Ministry of Foreign Affairs,grant,both,finance_policy,55.1924798
Germany / Federal Ministry for Economic Cooperation and Development,grant,adaptation,energy,55.065453000000005
United States / Agency for International Development,grant,adaptation,energy,54.159973
"France / Ministry of Economy, Finance and Industry",grant,adaptation,other,54.077439
"Italy / Ministry of Environment and Energy Security, funds administered by CDP",debt,both,transport,54.077439
Germany / KfW Bankengruppe (KfW banking group),debt,adaptation,energy,54.065745
Germany / KfW Bankengruppe (KfW banking group),debt,both,buildings,54.065744
France / French Development Agency,debt,adaptation,finance_policy,54.065743999999995
United States / Agency for International Development,grant,both,other,54.0367018
Italy / Ministry of Environment and Energy Security,grant,both,energy,53.9125206
African Development Bank,other,mitigation,agriculture_land_use,53.59
European Investment Bank,equity,both,energy,53.221500000000006
Adaptation Fund,grant,adaptation,other,52.996
Denmark / Investment Fund For Developing Countries,debt,mitigation,energy,52.9663668
Switzerland / State Secretariat for Economic Affairs,grant,mitigation,energy,52.760985
Japan / Ministry of Foreign Affairs,grant,adaptation,other,52.345986
Norway / Norwegian Agency for Development Co-operation,grant,adaptation,education,52.0422506
Korea / Export-Import Bank of Korea,debt,both,energy,52.0
Korea / Export-Import Bank of Korea,debt,mitigation,buildings,51.9968
Germany / Federal Ministry for Economic Cooperation and Development,equity,mitigation,finance_policy,51.639569200000004
Denmark / Ministry of Foreign Affairs,grant,both,agriculture_land_use,51.06977860000001
Canada / Global Affairs Canada,grant,adaptation,transport,50.73118
Italy / Agenzia italiana per la cooperazione allo sviluppo,grant,both,agriculture_land_use,50.5863752
Private Infrastructure Development Group / Emerging Africa Infrastructure Fund,debt,mitigation,transport,50.0
Adaptation Fund,grant,adaptation,buildings,49.933381
United Arab Emirates / Abu Dhabi Fund for Development,grant,mitigation,energy,49.759105000000005
France / French Development Agency,grant,adaptation,transport,49.3070106
France / Ministry of Foreign Affairs,grant,both,other,49.115947
France / Proparco,debt,both,water,48.857531
Sweden / Swedish International Development Authority,grant,both,agriculture_land_use,48.7137672
Germany / Federal Ministry for Economic Affairs and Climate Action,grant,mitigation,industry_mining,48.661508000000005
Norway / Norwegian Agency for Development Co-operation,grant,both,agriculture_land_use,48.1628444
World Bank (IBRD/IDA),grant,mitigation,water,47.370099999999994
Finland / FinnFund,equity,mitigation,agriculture_land_use,47.095588
Canada / Global Affairs Canada,grant,adaptation,education,47.0191626
United States / Agency for International Development,grant,both,finance_policy,46.8423084
"United Kingdom / Foreign, Commonwealth and Development Office",grant,both,water,46.6610244
Australia / Australian Government,grant,both,water,46.5356594
Germany / Federal Ministry for Economic Affairs and Climate Action,grant,mitigation,agriculture_land_use,46.4589658
Global Environment Facility / GEF Trust Fund,grant,both,energy,46.4455276
Asian Development Bank,grant,adaptation,water,46.30929886
Germany / Federal Ministry of Finance,debt,both,other,46.1119292
United Kingdom / British International Investment,equity,mitigation,buildings,45.8517862
Ireland / Department of Foreign Affairs,grant,both,other,45.4130838
Korea / Korea International Cooperation Agency,grant,both,finance_policy,44.951983
United States / Agency for International Development,grant,adaptation,buildings,44.5110388
Denmark / Ministry of Foreign Affairs,grant,both,education,44.3124984
William and Flora Hewlett Foundation / William & Flora Hewlett Foundation,grant,mitigation,energy,44.035999
Japan / Japanese International Co-operation Agency,grant,adaptation,agriculture_land_use,43.754001200000005
Japan / Japanese International Co-operation Agency,grant,adaptation,water,43.7074384
Germany / Federal Foreign Office,grant,adaptation,buildings,43.366099000000006
Council of Europe Development Bank / Council of Europe Development Bank (CEB),debt,mitigation,industry_mining,43.2619512
Italy / Cassa Depositi e Prestiti,debt,mitigation,other,43.2619512
France / French Development Agency,debt,adaptation,agriculture_land_use,43.2596118
European Investment Bank,equity,mitigation,agriculture_land_use,43.251999999999995
Korea / Export-Import Bank of Korea,debt,mitigation,finance_policy,43.0924
United States / Agency for International Development,grant,adaptation,education,42.0351468
Germany / Federal Ministry of Health,grant,adaptation,health,41.8239604
Switzerland / Swiss Agency for Development and Co-operation,grant,both,energy,41.3790914
Denmark / Ministry of Foreign Affairs,grant,both,buildings,41.2934144
Asian Development Bank,grant,both,education,41.2368692998
Japan / Ministry of Foreign Affairs,grant,adaptation,agriculture_land_use,40.7187056
New Zealand / Ministry of Foreign Affairs and Trade,grant,both,agriculture_land_use,40.448061
Japan / Other Ministries,grant,adaptation,health,40.256
Switzerland / Swiss Agency for Development and Co-operation,grant,adaptation,water,40.2538286
Australia / Australian Government,grant,adaptation,agriculture_land_use,40.1703276
Asian Development Bank,debt,mitigation,industry_mining,40.0
Sweden / Swedish International Development Authority,grant,both,water,39.8956592
Korea / Korea International Cooperation Agency,grant,both,water,39.56163
"United Kingdom / Department for Business, Innovation and Skills",grant,mitigation,energy,39.4480214
Germany / Federal Ministry for Economic Cooperation and Development,grant,both,buildings,39.184440800000004
Canada / Global Affairs Canada,grant,adaptation,buildings,39.073202200000004
Germany / Federal Ministry for Economic Affairs and Climate Action,grant,adaptation,transport,38.8747018
Switzerland / Swiss Agency for Development and Co-operation,grant,adaptation,other,38.556461
David and Lucile Packard Foundation / David & Lucile Packard Foundation,grant,both,transport,38.4825056
New Zealand / Ministry of Foreign Affairs and Trade,grant,adaptation,finance_policy,38.1082636
Germany / KfW Bankengruppe (KfW banking group),debt,mitigation,other,38.069768800000006
United Kingdom / Department of Health  and Social Care,grant,adaptation,health,37.6491004
Sweden / Swedish International Development Authority,grant,both,energy,37.576155400000005
"United Kingdom / Foreign, Commonwealth and Development Office",grant,adaptation,health,37.572372
Germany / Federal Ministry for Economic Affairs and Climate Action,grant,both,agriculture_land_use,37.493616800000005
Canada / Environment and Climate Change Canada,grant,mitigation,energy,37.40822
France / STOA,equity,mitigation,energy,37.343806
Korea / Korea International Cooperation Agency,grant,both,agriculture_land_use,37.340718
Norway / Ministry of Foreign Affairs,grant,adaptation,agriculture_land_use,37.2455486
Canada / Global Affairs Canada,debt,both,finance_policy,37.056264
Germany / Federal Ministry for Economic Cooperation and Development,grant,mitigation,buildings,36.8035626
Finland / Ministry of Foreign Affairs,grant,adaptation,agriculture_land_use,36.7686552
Japan / Other Ministries,grant,both,other,36.719447
Canada / Global Affairs Canada,debt,both,agriculture_land_use,36.6597512
Netherlands / Ministry of Foreign Affairs of the Netherlands,grant,adaptation,health,36.3591834
Switzerland / Swiss Investment Fund for Emerging Markets,equity,both,industry_mining,36.0
United Kingdom / Department of Energy and Climate Change,grant,mitigation,finance_policy,35.986146999999995
United States / International Development Finance Corporation,equity,adaptation,transport,35.900000000000006
France / French Development Agency,grant,adaptation,industry_mining,35.788675
Asian Development Bank,debt,mitigation,agriculture_land_use,35.7
Adaptation Fund,grant,adaptation,water,35.5
European Bank for Reconstruction and Development ,debt,both,industry_mining,35.2659
Spain / Ministry of Economy and Business,grant,both,energy,35.150335999999996
New Zealand / Ministry of Foreign Affairs and Trade,grant,adaptation,other,35.043503199999996
Canada / Global Affairs Canada,debt,both,transport,35.0364964
Denmark / Investment Fund For Developing Countries,equity,mitigation,energy,34.834688
Italy / Agenzia italiana per la cooperazione allo sviluppo,grant,adaptation,other,34.767960200000005
Asian Development Bank,grant,both,health,34.51718729527
France / Proparco,debt,adaptation,water,34.480832
Denmark / Ministry of Foreign Affairs,grant,adaptation,transport,34.1719432
IKEA Foundation,grant,both,other,34.084454
Switzerland / Swiss Investment Fund for Emerging Markets,equity,both,energy,34.0
"United Kingdom / Foreign, Commonwealth and Development Office",grant,both,industry_mining,33.9048236
Netherlands / Ministry of Foreign Affairs of the Netherlands,grant,adaptation,finance_policy,33.902774
Korea / Miscellaneous,grant,adaptation,agriculture_land_use,33.8805096
Switzerland / Swiss Agency for Development and Co-operation,grant,both,agriculture_land_use,33.6024598
"United Kingdom / Foreign, Commonwealth and Development Office",grant,both,education,33.534947800000005
Spain / Compañía Española de Financiación del Desarrollo,debt,adaptation,water,33.528012
"United Kingdom / Foreign, Commonwealth and Development Office",grant,both,buildings,33.4081088
Germany / KfW Bankengruppe (KfW banking group),debt,adaptation,other,33.08823520000001
Canada / Global Affairs Canada,grant,both,agriculture_land_use,32.8296306
United States / Agency for International Development,grant,both,water,32.7884448
United States / Agency for International Development,grant,both,transport,32.587801
United States / State Department,grant,mitigation,energy,32.44585
Germany / Federal Ministry for Economic Cooperation and Development,debt,mitigation,transport,32.442955
France / French Development Agency,debt,both,health,32.4394464
Global Environment Facility / GEF Trust Fund,grant,mitigation,agriculture_land_use,32.4274584
New Zealand / Ministry of Foreign Affairs and Trade,grant,both,other,32.371438000000005
Adaptation Fund,grant,adaptation,agriculture_land_use,32.091
Germany / Federal Ministry for Economic Affairs and Climate Action,grant,both,buildings,32.050012800000005
EU Institutions / European Commission,grant,adaptation,health,32.034787200000004
Belgium / Directorate General for Co-operation and Development,grant,both,transport,31.8996394
Germany / KfW Bankengruppe (KfW banking group),debt,adaptation,finance_policy,31.7906576
European Investment Bank,debt,adaptation,education,31.635862499999998
Japan / Japanese International Co-operation Agency,equity,mitigation,transport,31.5597968
Canada / Global Affairs Canada,grant,both,other,31.3839982
United Kingdom / Department for Environment Food and Rural Affairs,grant,both,agriculture_land_use,31.2344404
Korea / Ministry of Foreign Affairs and Trade,grant,both,other,30.830223800000002
Sweden / Swedish International Development Authority,grant,both,other,30.449095
Japan / Japanese International Co-operation Agency,grant,mitigation,energy,30.434444
Netherlands / Ministry of Foreign Affairs of the Netherlands,grant,adaptation,transport,30.2880824
France / French Development Agency,grant,both,transport,30.2201262
Australia / Australian Government,grant,adaptation,water,30.1266162
United Arab Emirates / Abu Dhabi Fund for Development,debt,mitigation,energy,30.0
United Kingdom / Department for Environment Food and Rural Affairs,grant,adaptation,other,29.779463800000002
France / French Development Agency,grant,mitigation,energy,29.7282708
Japan / Japanese International Co-operation Agency,grant,mitigation,transport,29.5460034
Korea / Export-Import Bank of Korea,debt,both,health,29.484800000000003
New Zealand / Ministry of Foreign Affairs and Trade,grant,adaptation,agriculture_land_use,29.4497816
Switzerland / Swiss Agency for Development and Co-operation,grant,both,other,29.3781674
Canada / Global Affairs Canada,grant,both,transport,29.3656876
Global Environment Facility / GEF Trust Fund,grant,adaptation,water,29.3547804
New Zealand / Ministry of Foreign Affairs and Trade,grant,adaptation,water,29.167846
Arcadia / Arcadia Fund,grant,mitigation,other,29.045039600000003
Asian Development Bank,grant,adaptation,other,28.85558886
Germany / Federal Ministry for Economic Cooperation and Development,grant,mitigation,education,28.795040800000002
Wellcome Trust,grant,adaptation,health,28.6870576
United Kingdom / British International Investment,debt,mitigation,buildings,28.59457
Sweden / SwedFund,debt,mitigation,energy,28.516
Sweden / Swedish International Development Authority,grant,both,transport,28.4576298
Germany / Federal Ministry for Economic Affairs and Climate Action,grant,adaptation,buildings,28.451826
EU Institutions / European Commission,grant,both,health,28.4066506
Korea / Korea International Cooperation Agency,grant,adaptation,agriculture_land_use,28.291383200000002
Netherlands / Ministry of Foreign Affairs of the Netherlands,grant,both,transport,28.151112400000002
Gates Foundation / Bill & Melinda Gates Foundation,grant,adaptation,transport,28.020794000000002
Norway / Ministry of Foreign Affairs,grant,both,finance_policy,27.9999764
World Bank (IBRD/IDA),grant,adaptation,other,27.900000000000002
Norway / Norwegian Agency for Development Co-operation,grant,adaptation,transport,27.896645
Germany / Federal Ministry for Economic Cooperation and Development,grant,both,energy,27.7524924
Germany / KfW Bankengruppe (KfW banking group),debt,both,finance_policy,27.681660800000003
Japan / Ministry of Foreign Affairs,grant,adaptation,buildings,27.597736
Australia / Australian Government,grant,adaptation,education,27.5889302
Asian Development Bank,debt,adaptation,health,27.39
Ireland / Department of Foreign Affairs,grant,adaptation,finance_policy,27.3589684
Korea / Export-Import Bank of Korea,debt,adaptation,other,27.2112
European Bank for Reconstruction and Development ,other,both,transport,27.060000000000002
"Italy / Ministry of Environment and Energy Security, funds administered by CDP",debt,mitigation,transport,27.038719
France / French Development Agency,debt,mitigation,education,27.032872
European Bank for Reconstruction and Development ,guarantee,both,energy,27.0325
France / French Development Agency,grant,both,health,26.865671000000003
World Bank (IBRD/IDA),grant,both,industry_mining,26.695999999999998
EU Institutions / European Commission,grant,adaptation,education,26.6555282
Switzerland / Swiss Agency for Development and Co-operation,grant,adaptation,agriculture_land_use,26.6542782
United States / Agency for International Development,grant,mitigation,buildings,26.569423
Sweden / Swedish International Development Authority,grant,adaptation,transport,26.518635600000003
Japan / Japanese International Co-operation Agency,debt,both,health,26.4342836
Norway / Norwegian Agency for Development Co-operation,grant,both,energy,26.265918
Switzerland / State Secretariat for Economic Affairs,grant,both,industry_mining,26.222959799999998
United States / Agency for International Development,grant,mitigation,water,26.2205
Korea / Export-Import Bank of Korea,debt,mitigation,industry_mining,26.200000000000003
Italy / Agenzia italiana per la cooperazione allo sviluppo,grant,both,transport,26.122643
United States / State Department,grant,adaptation,finance_policy,25.973446
Italy / Third Party funds administered by CDP,debt,both,water,25.951557
Norway / Norwegian Agency for Development Co-operation,grant,both,other,25.9348958
Global Environment Facility / Least Developed Countries Trust Fund (LDCF),grant,both,other,25.846004
Korea / Korea International Cooperation Agency,grant,adaptation,water,25.8235472
Germany / Federal Ministry for Economic Cooperation and Development,grant,mitigation,water,25.7052558
United Kingdom / Department for Environment Food and Rural Affairs,grant,both,finance_policy,25.6556702
France / French Development Agency,grant,mitigation,education,25.636019
France / Proparco,equity,mitigation,energy,25.6261126
Japan / Japanese International Co-operation Agency,grant,adaptation,other,25.516759
Germany / Federal Ministry of Education and Research,grant,adaptation,agriculture_land_use,25.4839342
Norway / Ministry of Foreign Affairs,grant,both,buildings,25.453519999999997
Global Environment Facility / GEF Trust Fund,grant,both,industry_mining,25.419197600000004
Bloomberg Family Foundation,grant,mitigation,energy,25.1308
Austria / Austrian Development Bank,debt,both,energy,25.0
Asian Development Bank,debt,adaptation,industry_mining,25.0
France / Proparco,equity,mitigation,buildings,24.860142599999996
France / French Development Agency,grant,adaptation,energy,24.668141
Switzerland / State Secretariat for Economic Affairs,grant,both,buildings,24.6659504
Global Environment Facility / GEF Trust Fund,grant,mitigation,other,24.0142136
Korea / Export-Import Bank of Korea,debt,both,water,24.0
Germany / Federal Ministry for Economic Cooperation and Development,grant,mitigation,industry_mining,23.929921
Belgium / Directorate General for Co-operation and Development,grant,both,finance_policy,23.7378508
Canada / Global Affairs Canada,grant,adaptation,finance_policy,23.64767
Private Infrastructure Development Group / InfraCo Africa,equity,mitigation,energy,23.1
Germany / Federal Ministry for Economic Affairs and Climate Action,equity,both,energy,23.0555044
Ireland / Department of Foreign Affairs,grant,both,agriculture_land_use,22.9667664
United States / State Department,grant,adaptation,other,22.935460000000003
Sweden / Swedish International Development Authority,grant,adaptation,agriculture_land_use,22.7844622
"United Kingdom / Department for Business, Innovation and Skills",grant,adaptation,other,22.4911526
Global Environment Facility / Least Developed Countries Trust Fund (LDCF),grant,adaptation,buildings,22.4895
"United Kingdom / Foreign, Commonwealth and Development Office",grant,mitigation,industry_mining,22.3753056
France / French Development Agency,grant,mitigation,transport,22.3610618
Spain / Spanish Agency for International Development Co-operation,grant,adaptation,other,22.289381000000002
Korea / Korea International Cooperation Agency,grant,both,buildings,21.9824418
Spain / Ministry of the Environment and Rural and Marine Environs,grant,both,finance_policy,21.9566798
France / Proparco,equity,mitigation,other,21.8073054
Finland / Ministry of Foreign Affairs,grant,both,finance_policy,21.804430399999998
William and Flora Hewlett Foundation / William & Flora Hewlett Foundation,grant,mitigation,finance_policy,21.7009996
Germany / Federal Ministry for Economic Affairs and Climate Action,grant,adaptation,agriculture_land_use,21.696807
Germany / KfW Bankengruppe (KfW banking group),debt,mitigation,education,21.6309756
France / MINEFI/NATEXIS,debt,mitigation,other,21.6262976
Sweden / Swedish International Development Authority,grant,mitigation,energy,21.538258199999998
France / Proparco,grant,mitigation,other,21.518376999999997
Finland / Ministry of Foreign Affairs,grant,both,other,21.308063600000004
Belgium / Belgian Investment Company for Developing Countries,debt,mitigation,energy,21.236914
Canada / Global Affairs Canada,grant,adaptation,energy,21.217380000000002
Denmark / Investment Fund For Developing Countries,equity,mitigation,agriculture_land_use,21.167849
Denmark / Ministry of Foreign Affairs,grant,both,water,20.968722400000004
Oak Foundation,grant,adaptation,finance_policy,20.940981999999998
Global Environment Facility / GEF Trust Fund,grant,mitigation,buildings,20.929999
France / French Development Agency,grant,adaptation,finance_policy,20.8784858
Japan / Ministry of Foreign Affairs,grant,adaptation,industry_mining,20.871456
Denmark / Ministry of Foreign Affairs,other,mitigation,energy,20.757127
Canada / Global Affairs Canada,grant,adaptation,health,20.532532
Adaptation Fund,grant,adaptation,finance_policy,20.5
Canada / FinDev Canada,debt,mitigation,transport,20.482335600000003
Global Environment Facility / GEF Trust Fund,grant,mitigation,finance_policy,20.263161200000003
Austria / Austrian Development Bank,debt,both,transport,20.1
Norway / Ministry of Climate and Environment,grant,mitigation,agriculture_land_use,20.089589
Global Environment Facility / Least Developed Countries Trust Fund (LDCF),grant,adaptation,water,20.0
Private Infrastructure Development Group / Emerging Africa Infrastructure Fund,debt,mitigation,industry_mining,20.0
Belgium / Belgian Investment Company for Developing Countries,equity,mitigation,finance_policy,19.9419732
Denmark / Ministry of Foreign Affairs,grant,adaptation,water,19.9329602
Japan / Ministry of Foreign Affairs,grant,mitigation,other,19.7981054
Ireland / Department of Foreign Affairs,grant,both,finance_policy,19.78763
William and Flora Hewlett Foundation / William & Flora Hewlett Foundation,grant,mitigation,transport,19.6678124
Norway / Norwegian Agency for Development Co-operation,grant,adaptation,energy,19.6172826
France / STOA,equity,mitigation,agriculture_land_use,19.593208
Finland / FinnFund,equity,mitigation,finance_policy,19.571799
Germany / KfW Bankengruppe (KfW banking group),debt,adaptation,agriculture_land_use,19.4625858
Canada / FinDev Canada,debt,mitigation,energy,19.426686
France / STOA,equity,mitigation,other,18.9764872
Switzerland / Swiss Agency for Development and Co-operation,grant,adaptation,finance_policy,18.9580632
EU Institutions / European Commission,grant,both,waste,18.924648
France / French Development Agency,grant,both,education,18.790131600000002
"United Kingdom / Foreign, Commonwealth and Development Office",grant,mitigation,transport,18.7309148
Australia / Australian Government,grant,adaptation,finance_policy,18.708467000000002
Australia / Australian Government,grant,adaptation,health,18.6888738
United States / Agency for International Development,grant,both,energy,18.6242488
New Zealand / Ministry of Foreign Affairs and Trade,grant,both,finance_policy,18.609300400000002
Canada / Global Affairs Canada,debt,both,water,18.528132
"United Kingdom / Foreign, Commonwealth and Development Office",grant,adaptation,agriculture_land_use,18.3980682
Norway / Ministry of Foreign Affairs,grant,adaptation,other,18.3592008
Norway / Ministry of Foreign Affairs,grant,both,energy,18.1229266
"United Kingdom / Foreign, Commonwealth and Development Office",grant,mitigation,other,17.962297
Sweden / Swedish International Development Authority,grant,adaptation,finance_policy,17.9610316
Global Environment Facility / GEF Trust Fund,grant,mitigation,water,17.8
Japan / Japanese International Co-operation Agency,debt,mitigation,water,17.59116
Korea / Miscellaneous,grant,both,agriculture_land_use,17.5375112
Sweden / Swedish International Development Authority,grant,adaptation,water,17.533628
United States / State Department,grant,mitigation,other,17.522
Open Society Foundations,grant,adaptation,transport,17.5183438
EU Institutions / European Commission,grant,adaptation,energy,17.4703816
Australia / Australian Government,grant,mitigation,energy,17.396831600000002
Global Environment Facility / GEF Trust Fund,grant,adaptation,agriculture_land_use,17.3929652
Sweden / SwedFund,debt,both,energy,17.3627168
Italy / Agenzia italiana per la cooperazione allo sviluppo,grant,adaptation,agriculture_land_use,17.350641200000002
Denmark / Investment Fund For Developing Countries,debt,mitigation,finance_policy,17.320565000000002
Italy / Cassa Depositi e Prestiti,debt,both,transport,17.301038000000002
United Kingdom / British International Investment,equity,adaptation,finance_policy,17.186231
France / French Development Agency,grant,both,buildings,17.112397
Netherlands / Ministry of Foreign Affairs of the Netherlands,grant,mitigation,energy,17.002974
Australia / Australian Government,grant,mitigation,other,16.979412
United States / Environmental Protection Agency,grant,mitigation,other,16.965944
Arab Fund (AFESD) / Arab Fund,debt,both,agriculture_land_use,16.955196
Canada / Global Affairs Canada,grant,adaptation,water,16.930274400000002
Canada / Global Affairs Canada,grant,both,industry_mining,16.7963182
Korea / Korea International Cooperation Agency,grant,mitigation,energy,16.7890476
Global Environment Facility / GEF Trust Fund,grant,mitigation,transport,16.7079824
France / Ministry of Foreign Affairs,grant,both,education,16.7035738
Netherlands / Ministry of Foreign Affairs of the Netherlands,grant,adaptation,buildings,16.501926
Korea / Korea International Cooperation Agency,grant,adaptation,transport,16.414733
Switzerland / Swiss Agency for Development and Co-operation,grant,both,finance_policy,16.4021132
Belgium / Directorate General for Co-operation and Development,grant,both,health,16.2374134
"France / Ministry of Economy, Finance and Industry",grant,mitigation,energy,16.223232
"Austria / Federal Ministry of Climate Action, Environment, Energy, Mobility, Innovation and Technology",grant,adaptation,other,16.219724
Spain / Ministry of Foreign Affairs and Co-operation,debt,mitigation,energy,16.219723
Germany / Federal Foreign Office,grant,adaptation,other,16.2163502
Nordic Development Fund,debt,adaptation,agriculture_land_use,16.2
Germany / Federal Ministry for Economic Cooperation and Development,grant,both,education,16.198513600000002
Germany / Federal Ministry of Education and Research,grant,mitigation,energy,16.1958974
"United Kingdom / Foreign, Commonwealth and Development Office",grant,adaptation,energy,16.153882199999998
Denmark / Ministry of Foreign Affairs,grant,mitigation,transport,16.050377400000002
Germany / Federal Foreign Office,grant,both,finance_policy,16.031219999999998
European Investment Bank,equity,adaptation,buildings,15.966450000000002
Austria / Austrian Development Agency,grant,adaptation,other,15.9524504
Denmark / Investment Fund For Developing Countries,debt,mitigation,water,15.9339216
European Investment Bank,guarantee,adaptation,other,15.900299999999998
Norway / Ministry of Foreign Affairs,grant,adaptation,buildings,15.852569800000001
New Zealand / Ministry of Foreign Affairs and Trade,grant,adaptation,buildings,15.805884200000001
Denmark / Ministry of Foreign Affairs,grant,both,energy,15.7092578
Korea / Korea International Cooperation Agency,grant,mitigation,transport,15.6332842
Korea / Miscellaneous,grant,both,energy,15.5930982
France / Ministry of Foreign Affairs,grant,adaptation,other,15.5273838
Germany / Federal Ministry for Economic Affairs and Climate Action,grant,adaptation,water,15.474452
Asian Development Bank,grant,adaptation,energy,15.31
Gates Foundation / Bill & Melinda Gates Foundation,grant,both,agriculture_land_use,15.28946
"Austria / Federal Ministry of Climate Action, Environment, Energy, Mobility, Innovation and Technology",grant,both,agriculture_land_use,15.066168000000001
"Italy / Ministry of Environment and Energy Security, funds administered by CDP",debt,adaptation,transport,15.0
United States / International Development Finance Corporation,debt,adaptation,transport,15.0
"Italy / Ministry of Environment and Energy Security, funds administered by CDP",debt,adaptation,agriculture_land_use,15.0
Asian Development Bank,equity,both,other,15.0
Private Infrastructure Development Group / InfraCo Africa,equity,both,energy,15.0
Italy / Agenzia italiana per la cooperazione allo sviluppo,grant,both,other,14.963638000000001
Norway / Ministry of Foreign Affairs,grant,adaptation,finance_policy,14.949145
Global Environment Facility / GEF Trust Fund,grant,adaptation,other,14.6854112
United States / Trade and Development Agency,grant,mitigation,energy,14.673355
Global Environment Facility / Least Developed Countries Trust Fund (LDCF),grant,both,finance_policy,14.619004
New Zealand / Ministry of Foreign Affairs and Trade,grant,adaptation,transport,14.585697600000001
France / French Development Agency,grant,both,water,14.5133078
"Austria / Federal Ministry of Climate Action, Environment, Energy, Mobility, Innovation and Technology",grant,both,finance_policy,14.4961452
Canada / Global Affairs Canada,grant,both,education,14.3821846
Luxembourg / Ministry of Foreign and European Affairs,grant,both,agriculture_land_use,14.265755
Central Emergency Response Fund / Rapid Response,grant,adaptation,other,14.2216
United States / Agency for International Development,grant,mitigation,health,14.135290600000001
Korea / Miscellaneous,grant,both,buildings,14.088931200000001
Korea / Korea International Cooperation Agency,grant,both,education,14.0596632
Belgium / Directorate General for Co-operation and Development,grant,adaptation,transport,14.021846400000001
Italy / Cassa Depositi e Prestiti,debt,mitigation,transport,14.0
Spain / Spanish Agency for International Development Co-operation,grant,mitigation,other,13.944221
Germany / Federal Ministry for Economic Affairs and Climate Action,grant,mitigation,other,13.943937
Denmark / Ministry of Foreign Affairs,grant,adaptation,education,13.9276344
Global Environment Facility / GEF Trust Fund,debt,mitigation,energy,13.904513
Austria / Austrian Development Agency,grant,adaptation,water,13.8849576
Switzerland / Swiss Agency for Development and Co-operation,grant,both,transport,13.760036800000002
Asian Development Bank,grant,mitigation,transport,13.75
Ireland / Department of Foreign Affairs,grant,adaptation,agriculture_land_use,13.73616
France / CIRAD,grant,adaptation,agriculture_land_use,13.6772392
European Bank for Reconstruction and Development ,other,both,industry_mining,13.624379999999999
Denmark / Ministry of Foreign Affairs,grant,mitigation,other,13.580535600000001
Korea / Korea International Cooperation Agency,grant,adaptation,buildings,13.524586200000002
Nordic Development Fund,equity,adaptation,finance_policy,13.5
Food and Agriculture Organisation / Core resources - developmental,grant,both,agriculture_land_use,13.467068600000001
France / French Development Agency,grant,adaptation,buildings,13.4165798
Korea / Korea International Cooperation Agency,grant,both,energy,13.3309046
France / Proparco,grant,mitigation,finance_policy,13.238605
Korea / Korea International Cooperation Agency,grant,adaptation,industry_mining,13.0611248
CGIAR,grant,adaptation,agriculture_land_use,13.036059600000002
United States / Agency for International Development,grant,adaptation,waste,13.016415600000002
Italy / Cassa Depositi e Prestiti,debt,mitigation,energy,12.978585200000001
Nordic Development Fund,grant,both,water,12.978585
France / French Development Agency,debt,mitigation,agriculture_land_use,12.9757784
Italy / Agenzia italiana per la cooperazione allo sviluppo,grant,both,buildings,12.9465044
Dutch Postcode Lottery,grant,both,transport,12.867646800000001
France / STOA,equity,mitigation,buildings,12.843584000000002
Germany / Federal Ministry for Economic Affairs and Climate Action,grant,mitigation,buildings,12.830634
Norway / Norwegian Agency for Development Co-operation,grant,both,finance_policy,12.6597874
"United Kingdom / Department for Culture, Media and Sports",grant,adaptation,other,12.647682800000002
Central Emergency Response Fund / Rapid Response,grant,adaptation,water,12.557328000000002
"Austria / Federal Ministry of Climate Action, Environment, Energy, Mobility, Innovation and Technology",grant,mitigation,energy,12.5281682
Finland / FinnFund,debt,mitigation,other,12.4926232
"United Kingdom / Department for Business, Innovation and Skills",grant,both,other,12.3240512
Germany / Federal Ministry of Finance,grant,both,energy,12.277498000000001
United Kingdom / British International Investment,debt,mitigation,industry_mining,12.2535656
Germany / Federal Ministry for Economic Cooperation and Development,grant,adaptation,industry_mining,12.2211344
Belgium / Directorate General for Co-operation and Development,grant,both,water,12.1701306
United Kingdom / Scottish Government,grant,adaptation,finance_policy,12.156485
Germany / Federal Ministry for Economic Cooperation and Development,debt,both,energy,12.113346400000001
Korea / Korea International Cooperation Agency,grant,both,transport,12.0716982
Belgium / Directorate General for Co-operation and Development,grant,both,energy,12.061527400000001
Wellcome Trust,grant,adaptation,other,12.029725200000001
Netherlands / Ministry of Foreign Affairs of the Netherlands,grant,mitigation,industry_mining,12.002496
Private Infrastructure Development Group / Emerging Africa Infrastructure Fund,debt,adaptation,energy,12.0
Private Infrastructure Development Group / InfraCo Africa,equity,both,agriculture_land_use,12.0
Germany / Federal Foreign Office,grant,adaptation,transport,11.984409000000001
United Kingdom / Department for Environment Food and Rural Affairs,grant,both,transport,11.9564582
Spain / Compañía Española de Financiación del Desarrollo,debt,mitigation,energy,11.948775
Nordic Development Fund,grant,adaptation,other,11.897037000000001
Switzerland / Swiss Agency for Development and Co-operation,grant,adaptation,transport,11.8532092
Italy / Agenzia italiana per la cooperazione allo sviluppo,grant,both,water,11.782202
Netherlands / Ministry of Foreign Affairs of the Netherlands,grant,mitigation,finance_policy,11.593939200000001
Switzerland / State Secretariat for Economic Affairs,grant,adaptation,water,11.5447836
United Kingdom / Department for Environment Food and Rural Affairs,grant,mitigation,other,11.502126
Ireland / Department of Foreign Affairs,grant,adaptation,transport,11.4474226
Switzerland / State Secretariat for Economic Affairs,grant,mitigation,water,11.4422768
Gordon and Betty Moore Foundation,grant,adaptation,other,11.420788
Sweden / Swedish International Development Authority,grant,adaptation,energy,11.4079674
New Zealand / Ministry of Foreign Affairs and Trade,grant,both,education,11.387275
Switzerland / State Secretariat for Economic Affairs,grant,mitigation,buildings,11.368861200000001
Japan / Ministry of Foreign Affairs,grant,adaptation,health,11.289189200000001
Australia / Australian Government,grant,both,health,11.195791
Gordon and Betty Moore Foundation,grant,adaptation,agriculture_land_use,11.1805716
Switzerland / State Secretariat for Economic Affairs,grant,adaptation,buildings,11.1292784
Global Environment Facility / Least Developed Countries Trust Fund (LDCF),grant,adaptation,finance_policy,10.995937999999999
Canada / Global Affairs Canada,grant,both,energy,10.9738756
France / French Development Agency,grant,adaptation,education,10.965876000000002
UNEP / Environment Fund,grant,both,finance_policy,10.947519000000002
Switzerland / Swiss Agency for Development and Co-operation,grant,both,water,10.858381600000001
France / CIRAD,grant,mitigation,agriculture_land_use,10.848797600000001
European Bank for Reconstruction and Development ,other,both,agriculture_land_use,10.824
Austria / Austrian Development Bank,debt,mitigation,water,10.8131488
Germany / Federal Ministry for Economic Cooperation and Development,equity,both,agriculture_land_use,10.8131488
Norway / Norwegian Agency for Development Co-operation,grant,mitigation,transport,10.773401400000001
Canada / Environment and Climate Change Canada,grant,both,finance_policy,10.7622134
Dutch Postcode Lottery,grant,adaptation,transport,10.7505496
"United Kingdom / Department for Culture, Media and Sports",grant,both,other,10.6726532
Norway / Ministry of Foreign Affairs,grant,adaptation,energy,10.649055
Japan / Ministry of Foreign Affairs,grant,both,finance_policy,10.6237312
European Investment Bank,equity,adaptation,other,10.53
Nordic Development Fund,grant,both,energy,10.5
Korea / Miscellaneous,grant,both,other,10.472797000000002
Children's Investment Fund Foundation,grant,mitigation,industry_mining,10.3952
Belgium / Directorate General for Co-operation and Development,grant,adaptation,agriculture_land_use,10.3801144
France / Ministry of Foreign Affairs,grant,both,finance_policy,10.3779856
Laudes Foundation,grant,mitigation,other,10.320551
Japan / Ministry of Foreign Affairs,grant,adaptation,education,10.279526
UNDP,grant,adaptation,other,10.2794958
Germany / Federal Ministry for Economic Cooperation and Development,grant,both,industry_mining,10.2393724
United Kingdom / UK-India Tech Start-up Fund,equity,both,finance_policy,10.221029600000001
United Kingdom / British International Investment,debt,mitigation,transport,10.19018
Belgium / Directorate General for Co-operation and Development,grant,adaptation,other,10.121855400000001
Switzerland / State Secretariat for Economic Affairs,grant,both,water,10.080396799999999
Global Environment Facility / GEF Trust Fund,debt,mitigation,transport,10.05
Private Infrastructure Development Group / GAP,grant,mitigation,transport,10.048632
Global Environment Facility / Least Developed Countries Trust Fund (LDCF),grant,both,agriculture_land_use,10.0
World Bank (IBRD/IDA),other,adaptation,energy,10.0
Global Environment Facility / Least Developed Countries Trust Fund (LDCF),grant,adaptation,transport,10.0
World Bank (IBRD/IDA),grant,mitigation,industry_mining,10.0
Adaptation Fund,grant,adaptation,transport,10.0
World Bank (IBRD/IDA),other,both,education,10.0
Nordic Development Fund,equity,mitigation,energy,10.0
Denmark / Ministry of Foreign Affairs,grant,adaptation,industry_mining,9.809172799999999
Private Infrastructure Development Group / InfraCo Asia,equity,mitigation,energy,9.8
Germany / Federal Ministry of Food and Agriculture,grant,both,agriculture_land_use,9.7409476
World Bank (IBRD/IDA),grant,mitigation,education,9.721
Finland / Ministry of Foreign Affairs,grant,both,agriculture_land_use,9.7013662
Belgium / Directorate General for Co-operation and Development,grant,adaptation,health,9.5868778
Japan / Japanese International Co-operation Agency,grant,both,agriculture_land_use,9.5165574
Italy / Third Party funds administered by CDP,debt,both,buildings,9.5155708
Wellcome Trust,grant,both,health,9.491538199999999
William and Flora Hewlett Foundation / William & Flora Hewlett Foundation,grant,both,transport,9.45
Switzerland / Swiss Agency for Development and Co-operation,grant,mitigation,other,9.4180024
Norway / Norwegian Agency for Development Co-operation,grant,adaptation,industry_mining,9.3414578
Norway / NORFUND,debt,adaptation,agriculture_land_use,9.319067
Food and Agriculture Organisation / Core resources - developmental,grant,both,transport,9.3183586
Austria / Austrian Development Agency,grant,both,transport,9.2189248
New Zealand / Ministry of Foreign Affairs and Trade,grant,mitigation,buildings,9.071118
Australia / Australian Government,grant,mitigation,finance_policy,9.0701008
Asian Development Bank,grant,both,industry_mining,9.02303686
Switzerland / State Secretariat for Economic Affairs,grant,both,other,8.9968948
John D. and Catherine T. MacArthur Foundation / John & Catherine MacArthur Foundation,grant,mitigation,energy,8.974
Denmark / Ministry of Foreign Affairs,grant,mitigation,finance_policy,8.8436524
People's Postcode Lottery,grant,both,other,8.7358104
Laudes Foundation,grant,mitigation,transport,8.720670199999999
Norway / NORFUND,equity,adaptation,energy,8.7198712
Global Environment Facility / GEF Trust Fund,grant,adaptation,industry_mining,8.7060916
Council of Europe Development Bank / Council of Europe Development Bank (CEB),debt,mitigation,buildings,8.6523904
Italy / Cassa Depositi e Prestiti,debt,mitigation,industry_mining,8.6523904
Netherlands / Ministry of Foreign Affairs of the Netherlands,grant,both,health,8.55109
Finland / FinnFund,debt,mitigation,finance_policy,8.4904028
Germany / Deutsche Investitions- und Entwicklungsgesellschaft mbH (German Investment and Development Company),equity,mitigation,finance_policy,8.433076400000001
Sweden / SwedFund,equity,both,agriculture_land_use,8.3341312
Canada / Global Affairs Canada,grant,adaptation,industry_mining,8.332181
Italy / Agenzia italiana per la cooperazione allo sviluppo,grant,both,finance_policy,8.2768982
Norway / NORFUND,debt,mitigation,finance_policy,8.2672096
Finland / Ministry of Foreign Affairs,grant,adaptation,finance_policy,8.263290399999999
Asian Development Bank,grant,adaptation,transport,8.19
Austria / Austrian Development Agency,grant,adaptation,energy,8.1561752
Gates Foundation / Bill & Melinda Gates Foundation,grant,adaptation,finance_policy,8.150722
David and Lucile Packard Foundation / David & Lucile Packard Foundation,grant,mitigation,energy,8.1
United States / Agency for International Development,grant,both,education,8.080123200000001
Hungary / Hungarian Export Import Bank PLC,debt,mitigation,energy,8.0
Germany / Federal Ministry for Economic Cooperation and Development,equity,both,finance_policy,7.960198800000001
Canada / Environment and Climate Change Canada,grant,mitigation,transport,7.798448
Global Environment Facility / Least Developed Countries Trust Fund (LDCF),grant,adaptation,other,7.787058999999999
Germany / KfW Bankengruppe (KfW banking group),debt,mitigation,industry_mining,7.785467199999999
Italy / Ministry of Environment and Energy Security,grant,both,finance_policy,7.7772492
Norway / Ministry of Foreign Affairs,grant,both,agriculture_land_use,7.7758332
Austria / Austrian Development Agency,grant,both,energy,7.7521394
Belgium / Directorate General for Co-operation and Development,grant,both,industry_mining,7.747751
UBS Optimus Foundation,grant,both,finance_policy,7.7263408
Adaptation Fund,grant,adaptation,energy,7.707
Austria / Austrian Development Agency,grant,mitigation,energy,7.6604554
Germany / Federal Ministry of Food and Agriculture,grant,adaptation,agriculture_land_use,7.6075024
Global Environment Facility / Global Biodiversity Framework Fund (GBFF),grant,mitigation,other,7.605840000000001
Germany / Federal Ministry of Finance,grant,mitigation,energy,7.572985
Italy / Agenzia italiana per la cooperazione allo sviluppo,grant,adaptation,transport,7.5499658
Norway / Norwegian Agency for Development Co-operation,grant,both,transport,7.499265599999999
Italy / Agenzia italiana per la cooperazione allo sviluppo,grant,mitigation,other,7.4590176
Belgium / Directorate General for Co-operation and Development,grant,both,education,7.4318022
Lithuania / Ministry of National Defense,grant,both,industry_mining,7.43024
Luxembourg / Ministry of Foreign and European Affairs,grant,adaptation,other,7.3598622
Austria / Austrian Development Bank,debt,mitigation,transport,7.3529412
Italy / Agenzia italiana per la cooperazione allo sviluppo,grant,both,energy,7.3477496
Sweden / Swedish International Development Authority,grant,adaptation,buildings,7.2944184000000005
Austria / Federal Ministry of Finance,grant,both,finance_policy,7.288712
France / French Development Agency,grant,both,industry_mining,7.2704
Spain / Spanish Agency for International Development Co-operation,grant,mitigation,agriculture_land_use,7.2554914
Arcadia / Arcadia Fund,grant,mitigation,transport,7.2
Switzerland / Swiss Investment Fund for Emerging Markets,debt,mitigation,finance_policy,7.2
Australia / Australian Government,grant,adaptation,buildings,7.042798400000001
France / French Development Agency,debt,adaptation,transport,6.9204152
France / French Development Agency,grant,mitigation,finance_policy,6.9109866
United Kingdom / Department of Energy and Climate Change,grant,mitigation,transport,6.898549
Switzerland / State Secretariat for Economic Affairs,grant,both,agriculture_land_use,6.8732588
France / French Development Agency,grant,mitigation,other,6.8726528
France / French Development Agency,grant,mitigation,buildings,6.81364
Japan / Ministry of Foreign Affairs,grant,adaptation,finance_policy,6.7798115999999995
France / French Development Agency,grant,adaptation,health,6.7777456
United States / Agency for International Development,grant,mitigation,education,6.7687344000000005
Germany / Federal Ministry for Economic Cooperation and Development,equity,mitigation,education,6.758218
IKEA Foundation,grant,both,finance_policy,6.747258800000001
Belgium / Directorate General for Co-operation and Development,grant,mitigation,other,6.733496400000001
Belgium / Directorate General for Co-operation and Development,grant,both,buildings,6.732858199999999
Gates Foundation / Bill & Melinda Gates Foundation,grant,adaptation,energy,6.703528
United Kingdom / Department of Health  and Social Care,grant,adaptation,transport,6.6449864000000005
Canada / Global Affairs Canada,grant,both,finance_policy,6.6002262
Global Environment Facility / GEF Trust Fund,equity,both,transport,6.57
Denmark / Ministry of Foreign Affairs,grant,adaptation,buildings,6.5053658
World Bank (IBRD/IDA),other,mitigation,water,6.5
Belgium / Belgian Investment Company for Developing Countries,equity,mitigation,energy,6.497866
France / Proparco,debt,adaptation,industry_mining,6.4878892
Japan / Japanese International Co-operation Agency,grant,adaptation,transport,6.479349200000001
Sweden / Swedish International Development Authority,grant,mitigation,finance_policy,6.470230600000001
Sweden / Swedish International Development Authority,grant,mitigation,transport,6.4343372
Gates Foundation / Bill & Melinda Gates Foundation,grant,adaptation,health,6.420596000000001
EU Institutions / European Commission,grant,mitigation,waste,6.401384
United States / State Department,grant,mitigation,agriculture_land_use,6.3966728
United Kingdom / Department of Energy and Climate Change,grant,both,transport,6.384309999999999
Ford Foundation,grant,adaptation,other,6.37478
Austria / Austrian Development Agency,grant,adaptation,agriculture_land_use,6.367623200000001
Luxembourg / Ministry of Foreign and European Affairs,grant,both,water,6.341046800000001
Canada / Environment and Climate Change Canada,grant,both,other,6.2836944
United States / Millennium Challenge Corporation,grant,adaptation,other,6.2669999999999995
Sweden / Swedish International Development Authority,grant,mitigation,water,6.2604334
Finland / FinnFund,equity,mitigation,other,6.2463120000000005
Korea / Korea International Cooperation Agency,grant,both,other,6.2275032
Japan / Japanese International Co-operation Agency,grant,mitigation,agriculture_land_use,6.201309
William and Flora Hewlett Foundation / William & Flora Hewlett Foundation,grant,both,finance_policy,6.2
"Germany / Federal Ministry for the Enviroment, Nature Conservation, Nuclear Safety and Consumer Protection",grant,mitigation,energy,6.1719518
Belgium / Directorate General for Co-operation and Development,grant,mitigation,energy,6.1709962
United Kingdom / British International Investment,equity,mitigation,other,6.1498856
William and Flora Hewlett Foundation / William & Flora Hewlett Foundation,grant,mitigation,industry_mining,6.1398696
France / Ministry of Foreign Affairs,grant,both,agriculture_land_use,6.1278226
Spain / Spanish Agency for International Development Co-operation,grant,both,agriculture_land_use,6.1178798
Germany / Federal Ministry for Economic Cooperation and Development,grant,both,health,6.112148
Denmark / Investment Fund For Developing Countries,equity,both,agriculture_land_use,6.1055564
Switzerland / State Secretariat for Economic Affairs,grant,both,finance_policy,6.0990112
Norway / Ministry of Foreign Affairs,grant,mitigation,energy,6.0866716
"United Kingdom / Foreign, Commonwealth and Development Office",equity,mitigation,industry_mining,6.055960000000001
Norway / Norwegian Agency for Development Co-operation,grant,mitigation,industry_mining,6.0327492000000005
Global Environment Facility / GEF Trust Fund,equity,both,agriculture_land_use,6.0
IKEA Foundation,grant,adaptation,energy,5.9666158
Norway / Ministry of Climate and Environment,grant,mitigation,transport,5.966192
Germany / Federal Ministry for Economic Affairs and Climate Action,grant,both,health,5.933619200000001
Korea / Miscellaneous,grant,adaptation,water,5.924513800000001
Japan / Ministry of Foreign Affairs,grant,both,agriculture_land_use,5.9232946
Denmark / Investment Fund For Developing Countries,debt,mitigation,transport,5.9061580000000005
Netherlands / Dutch Good Growth Fund – Financing Local SMEs,equity,both,transport,5.891641
Netherlands / Dutch Good Growth Fund – Financing Local SMEs,equity,mitigation,transport,5.869400000000001
Switzerland / Swiss Agency for Development and Co-operation,grant,mitigation,buildings,5.855461200000001
Germany / Federal Foreign Office,grant,adaptation,finance_policy,5.8381198
World Bank (IBRD/IDA),debt,both,waste,5.805
Italy / Agenzia italiana per la cooperazione allo sviluppo,grant,adaptation,health,5.795993200000001
Ireland / Department of Foreign Affairs,grant,both,education,5.7908745999999995
Austria / Federal Ministry of Finance,grant,both,energy,5.775512
Sweden / Swedish International Development Authority,grant,mitigation,other,5.763821200000001
Germany / Federal Ministry of Education and Research,grant,adaptation,water,5.738495
"United Kingdom / Foreign, Commonwealth and Development Office",grant,adaptation,education,5.7128262
United Kingdom / Department for Environment Food and Rural Affairs,grant,both,health,5.637778
Italy / Agenzia italiana per la cooperazione allo sviluppo,grant,mitigation,energy,5.6237732
Norway / Ministry of Foreign Affairs,grant,mitigation,other,5.6216964
Canada / International Development Research Centre,grant,adaptation,other,5.6025606
Central Emergency Response Fund / Rapid Response,grant,adaptation,transport,5.592272
Global Environment Facility / GEF Trust Fund,grant,adaptation,finance_policy,5.5789496000000005
New Zealand / Ministry of Foreign Affairs and Trade,grant,both,water,5.556043
Ireland / Department of Foreign Affairs,grant,both,energy,5.547557
Norway / Ministry of Foreign Affairs,grant,adaptation,transport,5.5128862
UNFPA,grant,adaptation,other,5.466972
"Ireland / Department of Agriculture, Food and the Marine",grant,adaptation,other,5.407744
France / French Development Agency,debt,mitigation,industry_mining,5.407744
Nordic Development Fund,grant,adaptation,transport,5.407744
Ireland / Miscellaneous,grant,adaptation,other,5.406574
"Ireland / Department of Agriculture, Food and the Marine",grant,both,finance_policy,5.406574
Nordic Development Fund,grant,both,other,5.406574
Nordic Development Fund,grant,both,finance_policy,5.406574
United Kingdom / Department for Environment Food and Rural Affairs,grant,both,education,5.4043814
Gates Foundation / Bill & Melinda Gates Foundation,grant,adaptation,other,5.389352000000001
Nordic Development Fund,grant,mitigation,energy,5.325
"United Kingdom / Foreign, Commonwealth and Development Office",grant,mitigation,education,5.2924847999999995
Inter American Development Bank,other,mitigation,industry_mining,5.26
Lithuania / Ministry of Environment,grant,mitigation,energy,5.231021
Korea / Miscellaneous,grant,both,transport,5.2299414
Finland / FinnFund,debt,adaptation,finance_policy,5.2052596
Belgium / Directorate General for Co-operation and Development,debt,adaptation,water,5.1903116
Germany / Federal Ministry for Economic Cooperation and Development,equity,both,transport,5.1903116
Ireland / Department of Foreign Affairs,grant,both,transport,5.169385200000001
Canada / Environment and Climate Change Canada,grant,adaptation,buildings,5.154281
Canada / International Development Research Centre,grant,both,health,5.129542
Global Environment Facility / Special Climate Change Trust Fund (SCCF),grant,adaptation,other,5.117522
Global Environment Facility / GEF Trust Fund,equity,both,industry_mining,5.1
Switzerland / Swiss Agency for Development and Co-operation,grant,both,industry_mining,5.083373
CGIAR,grant,mitigation,agriculture_land_use,5.0813392
Asian Development Bank,debt,mitigation,health,5.08
Korea / Miscellaneous,grant,mitigation,buildings,5.0197008
Global Environment Facility / Least Developed Countries Trust Fund (LDCF),grant,adaptation,agriculture_land_use,5.0
Bezos Earth Fund,grant,mitigation,other,5.0
John D. and Catherine T. MacArthur Foundation / John & Catherine MacArthur Foundation,grant,mitigation,agriculture_land_use,5.0
Ford Foundation,grant,adaptation,finance_policy,4.96352
Global Environment Facility / GEF Trust Fund,equity,both,finance_policy,4.95
Global Environment Facility / GEF Trust Fund,equity,both,energy,4.95
Italy / Agenzia italiana per la cooperazione allo sviluppo,grant,adaptation,water,4.9488562
Korea / Korea International Cooperation Agency,grant,adaptation,energy,4.9396544
Japan / Japanese International Co-operation Agency,grant,mitigation,buildings,4.9388119999999995
Ford Foundation,grant,mitigation,finance_policy,4.926
Liechtenstein / Ministry of Foreign Affairs,grant,adaptation,agriculture_land_use,4.9049882
World Bank (IBRD/IDA),other,mitigation,transport,4.9
World Bank (IBRD/IDA),grant,mitigation,health,4.8774999999999995
IKEA Foundation,grant,adaptation,transport,4.86697
United States / Millennium Challenge Corporation,grant,mitigation,transport,4.800000000000001
Austria / Austrian Development Bank,debt,mitigation,other,4.800000000000001
"United Kingdom / Foreign, Commonwealth and Development Office",grant,adaptation,industry_mining,4.7800146
Spain / Ministry of the Environment and Rural and Marine Environs,grant,both,other,4.7750867999999995
Gates Foundation / Bill & Melinda Gates Foundation,grant,adaptation,buildings,4.758178
Japan / Ministry of Foreign Affairs,grant,mitigation,transport,4.737125000000001
Belgium / Flanders Official Regional Ministries,grant,adaptation,agriculture_land_use,4.7155214
Ireland / Department of Foreign Affairs,grant,adaptation,health,4.691234
"Germany / Federal Ministry for the Enviroment, Nature Conservation, Nuclear Safety and Consumer Protection",grant,mitigation,waste,4.664094
Canada / Provincial Governments and municipalities,grant,both,other,4.640889
Sweden / Swedish International Development Authority,grant,adaptation,industry_mining,4.623672
Ireland / Department of Foreign Affairs,grant,adaptation,water,4.6150084
New Zealand / Ministry of Foreign Affairs and Trade,grant,both,health,4.604617
Switzerland / State Secretariat for Economic Affairs,grant,mitigation,transport,4.5917482000000005
Korea / Ministry of Strategy and Finance,grant,both,other,4.5650889999999995
Italy / Agenzia italiana per la cooperazione allo sviluppo,grant,mitigation,agriculture_land_use,4.5508012
Finland / Ministry of Foreign Affairs,grant,mitigation,other,4.5323506
Japan / Ministry of Foreign Affairs,grant,adaptation,energy,4.5143676
France / French Development Agency,grant,mitigation,industry_mining,4.4982050000000005
Central Emergency Response Fund / Under Funded,grant,adaptation,other,4.4976
Japan / Japanese International Co-operation Agency,debt,both,water,4.4796708
Belgium / Directorate General for Co-operation and Development,grant,adaptation,water,4.4704448
Austria / Federal Ministry of Finance,grant,both,other,4.439656
Austria / Federal Ministry of Finance,grant,both,transport,4.43435
Ireland / Department of Foreign Affairs,grant,both,buildings,4.4296218
Global Environment Facility / GEF Trust Fund,debt,mitigation,finance_policy,4.410432
Australia / Australian Government,grant,mitigation,education,4.352366
Asian Development Bank,grant,mitigation,other,4.3500000000000005
Norway / Ministry of Foreign Affairs,grant,mitigation,agriculture_land_use,4.349825
Switzerland / Swiss Agency for Development and Co-operation,grant,adaptation,industry_mining,4.3379684
Italy / Ministry of Economy and Finance,grant,mitigation,energy,4.3261952
Austria / Austrian Development Bank,equity,both,energy,4.326195
Gates Foundation / Bill & Melinda Gates Foundation,grant,adaptation,water,4.31921
UNDP,grant,adaptation,finance_policy,4.3105072
Iceland / Ministry of Foreign Affairs,grant,both,water,4.3016912000000005
Netherlands / Ministry of Foreign Affairs of the Netherlands,grant,both,industry_mining,4.2973464
Belgium / Flanders Official Regional Ministries,grant,both,agriculture_land_use,4.291247
"Germany / Federal Ministry for the Enviroment, Nature Conservation, Nuclear Safety and Consumer Protection",grant,adaptation,water,4.267984
France / COOP DECENTRAL/MAE,grant,both,water,4.2670738
Korea / Korea International Cooperation Agency,grant,mitigation,buildings,4.2498818
Ireland / Department of Foreign Affairs,grant,mitigation,other,4.2144008
Korea / Korea International Cooperation Agency,grant,adaptation,education,4.203664
Sweden / SwedFund,equity,mitigation,finance_policy,4.1670656
People's Postcode Lottery,grant,adaptation,finance_policy,4.1650692
Sweden / SwedFund,grant,mitigation,energy,4.1591702
France / French Development Agency,grant,both,energy,4.1369240000000005
John D. and Catherine T. MacArthur Foundation / John & Catherine MacArthur Foundation,grant,adaptation,energy,4.114000000000001
Japan / Japanese International Co-operation Agency,grant,mitigation,water,4.087271
Korea / Miscellaneous,grant,mitigation,health,4.070914
United Kingdom / British International Investment,debt,adaptation,buildings,4.012968
United States / International Development Finance Corporation,equity,both,transport,4.0
Korea / Korea International Cooperation Agency,grant,mitigation,education,4.0
Private Infrastructure Development Group / InfraCo Asia,equity,mitigation,transport,4.0
Inter American Development Bank,other,both,waste,4.0
Italy / Agenzia italiana per la cooperazione allo sviluppo,grant,adaptation,finance_policy,3.9902138000000003
Finland / Ministry of Foreign Affairs,grant,adaptation,other,3.9656966000000002
Austria / Austrian Development Bank,debt,adaptation,transport,3.9600000000000004
Luxembourg / Ministry of Foreign and European Affairs,grant,both,energy,3.9374890000000002
Canada / Miscellaneous,grant,both,agriculture_land_use,3.9246568
Germany / Free State of Bavaria,grant,both,agriculture_land_use,3.9170286
Germany / Federal Ministry for Economic Affairs and Climate Action,grant,both,education,3.9118648000000005
Global Environment Facility / GEF Trust Fund,debt,both,finance_policy,3.9093216
Netherlands / Ministry of Foreign Affairs of the Netherlands,grant,mitigation,transport,3.8927335999999997
United Kingdom / Department of Health  and Social Care,grant,adaptation,water,3.860603
Children's Investment Fund Foundation,grant,mitigation,energy,3.842465
United Kingdom / Department of Health  and Social Care,grant,mitigation,health,3.839872
Korea / Ministry of Strategy and Finance,grant,both,finance_policy,3.8316969999999997
Laudes Foundation,grant,mitigation,finance_policy,3.8224120000000004
"United Kingdom / Foreign, Commonwealth and Development Office",grant,mitigation,buildings,3.8195646
Finland / FinnFund,debt,mitigation,energy,3.8019192
Arcadia / Arcadia Fund,grant,mitigation,agriculture_land_use,3.795
Council of Europe Development Bank / Council of Europe Development Bank (CEB),debt,mitigation,energy,3.785421
Spain / Ministry of Economy and Business,grant,mitigation,transport,3.784602
Austria / Federal Ministry of Finance,grant,adaptation,other,3.784602
Spain / Spanish Agency for International Development Co-operation,grant,both,other,3.7758132
France / COOP DECENTRAL/MAE,grant,both,agriculture_land_use,3.7687048
"Japan / Ministry of Agriculture, Forestry and Fisheries",grant,adaptation,agriculture_land_use,3.7669864
Global Environment Facility / Global Biodiversity Framework Fund (GBFF),grant,mitigation,finance_policy,3.74616
Spain / Spanish Agency for International Development Co-operation,grant,adaptation,energy,3.7328558000000003
Global Environment Facility / GEF Trust Fund,grant,adaptation,health,3.7251992000000005
Belgium / Directorate General for Co-operation and Development,grant,adaptation,buildings,3.7110472000000003
Switzerland / Swiss Agency for Development and Co-operation,grant,mitigation,finance_policy,3.6807734
Spain / Ministry of Economy and Business,grant,mitigation,energy,3.677172
Norway / Norwegian Agency for Development Co-operation,grant,adaptation,buildings,3.656604
Canada / Environment and Climate Change Canada,grant,both,agriculture_land_use,3.649635
Canada / Environment and Climate Change Canada,grant,both,industry_mining,3.635535
Belgium / Flanders Official Regional Ministries,grant,adaptation,water,3.627578
John D. and Catherine T. MacArthur Foundation / John & Catherine MacArthur Foundation,grant,both,transport,3.62
People's Postcode Lottery,grant,adaptation,other,3.6146176
Denmark / Ministry of Foreign Affairs,grant,mitigation,buildings,3.6124944
Global Environment Facility / Special Climate Change Trust Fund (SCCF),grant,adaptation,industry_mining,3.6
Austria / Austrian Development Bank,debt,both,other,3.6
Korea / Miscellaneous,grant,both,water,3.5595804
Spain / Spanish Agency for International Development Co-operation,grant,mitigation,finance_policy,3.5463342000000004
Global Environment Facility / GEF Trust Fund,grant,both,health,3.4839992000000004
UNRWA,grant,both,water,3.4395392
Australia / Australian Government,grant,mitigation,transport,3.4169162
Luxembourg / Ministry of Foreign and European Affairs,grant,adaptation,health,3.4053142000000003
Australia / Australian Government,grant,both,industry_mining,3.3953336000000003
Germany / Free and Hanseatic City of Hamburg,grant,adaptation,health,3.3945896000000007
Norway / Norwegian Agency for Development Co-operation,grant,mitigation,education,3.3806288
Italy / Ministry of Environment and Energy Security,grant,both,transport,3.373913
Belgium / Directorate General for Co-operation and Development,grant,adaptation,energy,3.3645116
Iceland / Ministry of Foreign Affairs,grant,mitigation,energy,3.3617312
Oak Foundation,grant,adaptation,agriculture_land_use,3.335215
Switzerland / Swiss Agency for Development and Co-operation,grant,mitigation,energy,3.320563
Spain / Spanish Agency for International Development Co-operation,grant,both,water,3.3128368
Switzerland / State Secretariat for Economic Affairs,grant,both,energy,3.2999444
Food and Agriculture Organisation / Core resources - developmental,grant,adaptation,agriculture_land_use,3.2897982
"France / Ministry of Economy, Finance and Industry",grant,adaptation,agriculture_land_use,3.286678
Italy / Agenzia italiana per la cooperazione allo sviluppo,grant,mitigation,water,3.2746896
"Germany / Federal Ministry for the Enviroment, Nature Conservation, Nuclear Safety and Consumer Protection",grant,mitigation,finance_policy,3.2704484000000003
Korea / Ministry of Foreign Affairs and Trade,grant,both,finance_policy,3.270159
United Kingdom / Department for Environment Food and Rural Affairs,grant,both,energy,3.24652
Italy / Ministry of Environment and Energy Security,grant,adaptation,transport,3.2441780000000002
Austria / Federal Ministry of Finance,other,mitigation,energy,3.219424
Australia / Australian Government,grant,both,buildings,3.1888464000000005
Japan / Japanese International Co-operation Agency,grant,adaptation,energy,3.1884512000000003
Food and Agriculture Organisation / Core resources - developmental,grant,both,other,3.1835038
Austria / Austrian Development Agency,grant,adaptation,transport,3.1807812
Belgium / Flanders Official Regional Ministries,grant,adaptation,other,3.1436626
Germany / Federal Ministry for Economic Affairs and Climate Action,grant,both,industry_mining,3.0705180000000003
"United Kingdom / Foreign, Commonwealth and Development Office",equity,both,finance_policy,3.065079
United States / Agency for International Development,grant,adaptation,industry_mining,3.0509032000000005
IKEA Foundation,grant,adaptation,other,3.0279624000000003
United Kingdom / Conflict stability and security fund,grant,adaptation,other,3.0180066
Sweden / Ministry of Foreign Affairs,grant,both,transport,3.0066002000000003
Australia / Australian Government,equity,both,energy,3.0
African Development Bank,other,adaptation,industry_mining,3.0
Global Environment Facility / Special Climate Change Trust Fund (SCCF),grant,adaptation,water,3.0
Global Environment Facility / Special Climate Change Trust Fund (SCCF),grant,both,agriculture_land_use,3.0
Global Environment Facility / GEF Trust Fund,debt,both,other,3.0
France / Ministry of Foreign Affairs,grant,mitigation,other,2.990989
Spain / Spanish Agency for International Development Co-operation,grant,mitigation,transport,2.9705146
Canada / International Development Research Centre,grant,adaptation,transport,2.9672626
Central Emergency Response Fund / Under Funded,grant,adaptation,transport,2.9608
Korea / Miscellaneous,grant,both,education,2.9317706
Japan / Japanese International Co-operation Agency,grant,adaptation,finance_policy,2.9204368
Italy / Agenzia italiana per la cooperazione allo sviluppo,grant,adaptation,industry_mining,2.8978304
Spain / Spanish Agency for International Development Co-operation,grant,mitigation,energy,2.8778442
Spain / Spanish Agency for International Development Co-operation,grant,mitigation,water,2.8693462000000003
Canada / Global Affairs Canada,grant,both,buildings,2.867993
Nordic Development Fund,grant,mitigation,buildings,2.825
Luxembourg / Ministry of Foreign and European Affairs,grant,adaptation,agriculture_land_use,2.819316
Germany / Federal Ministry of Food and Agriculture,grant,both,transport,2.8144326
Slovenia / Ministry of Finance,grant,both,water,2.8095716
"Austria / Federal Ministry of Climate Action, Environment, Energy, Mobility, Innovation and Technology",grant,both,other,2.806121
Norway / Norwegian Agency for Development Co-operation,grant,mitigation,buildings,2.7996488
Switzerland / Swiss Agency for Development and Co-operation,grant,both,buildings,2.7844168000000002
Iceland / Ministry of Foreign Affairs,grant,adaptation,other,2.7814294000000004
Oak Foundation,grant,adaptation,other,2.778684
Sweden / Swedish International Development Authority,grant,both,education,2.7661054
New Zealand / Ministry of Foreign Affairs and Trade,grant,adaptation,industry_mining,2.7592768000000003
Germany / Land North Rhine-Westphalia,grant,both,other,2.7465104
"Austria / Federal Ministry of Climate Action, Environment, Energy, Mobility, Innovation and Technology",grant,adaptation,agriculture_land_use,2.740919
World Bank (IBRD/IDA),other,adaptation,other,2.74
Czechia / Czech Development Agency,grant,both,agriculture_land_use,2.7387564
Food and Agriculture Organisation / Core resources - developmental,grant,both,water,2.7323824
Germany / Federal Ministry of Education and Research,grant,adaptation,education,2.7270464
Korea / Korea International Cooperation Agency,grant,adaptation,health,2.7100776000000004
Italy / Agenzia italiana per la cooperazione allo sviluppo,grant,both,industry_mining,2.7081560000000002
Canada / International Development Research Centre,grant,adaptation,buildings,2.7080206
Central Emergency Response Fund / Rapid Response,grant,adaptation,agriculture_land_use,2.6963999999999997
Norway / Norwegian Agency for Development Co-operation,grant,mitigation,other,2.693467
Korea / Miscellaneous,grant,adaptation,buildings,2.6855626
Korea / Miscellaneous,grant,both,health,2.6833336
Netherlands / Ministry of Foreign Affairs of the Netherlands,grant,mitigation,buildings,2.6797224
Korea / Miscellaneous,grant,both,finance_policy,2.6709568000000004
Iceland / Ministry of Foreign Affairs,grant,both,education,2.6702852000000004
Global Environment Facility / GEF Trust Fund,grant,mitigation,health,2.666666
Iceland / Ministry of Foreign Affairs,grant,both,other,2.6535588000000003
Japan / Ministry of Foreign Affairs,grant,mitigation,water,2.6533884000000003
Global Environment Facility / Global Biodiversity Framework Fund (GBFF),grant,both,other,2.6478400000000004
Canada / Global Affairs Canada,grant,mitigation,energy,2.6428064
Gordon and Betty Moore Foundation,grant,adaptation,transport,2.6419932000000004
Arcadia / Arcadia Fund,grant,mitigation,finance_policy,2.63596
Switzerland / State Secretariat for Economic Affairs,grant,mitigation,finance_policy,2.612152
"United Kingdom / Foreign, Commonwealth and Development Office",grant,mitigation,agriculture_land_use,2.6024844000000003
Germany / KfW Bankengruppe (KfW banking group),debt,both,other,2.5951556
Switzerland / Swiss Agency for Development and Co-operation,grant,adaptation,health,2.589932
France / COOP DECENTRAL/MAE,grant,both,other,2.5796550000000003
Finland / FinnFund,debt,both,agriculture_land_use,2.538174
Italy / Ministry of Environment and Energy Security,grant,both,other,2.5317804
Iceland / Ministry of Foreign Affairs,grant,both,agriculture_land_use,2.5195098
Netherlands / Ministry of Foreign Affairs of the Netherlands,grant,both,buildings,2.5055926000000004
Japan / Japanese International Co-operation Agency,grant,adaptation,health,2.5044092
Iceland / Ministry of Foreign Affairs,grant,both,energy,2.4988606
"Germany / Federal Ministry for the Enviroment, Nature Conservation, Nuclear Safety and Consumer Protection",grant,both,other,2.4938124000000004
Japan / Japanese International Co-operation Agency,grant,both,water,2.4852928
United Kingdom / Department of Health  and Social Care,grant,mitigation,energy,2.4707234
Asian Development Bank,equity,mitigation,transport,2.4624061900000003
Norway / Ministry of Foreign Affairs,grant,adaptation,education,2.462238
Fondation Botnar / Botnar Foundation,grant,adaptation,buildings,2.4487176
Japan / Japanese International Co-operation Agency,grant,both,transport,2.4465464
United Kingdom / British International Investment,debt,both,agriculture_land_use,2.444997
Finland / Ministry of Foreign Affairs,grant,both,transport,2.44241
Swedish Postcode Lottery,grant,adaptation,other,2.4351556000000003
Belgium / Directorate General for Co-operation and Development,grant,mitigation,buildings,2.433309
France / IRD,grant,adaptation,other,2.4319256
Switzerland / Swiss Agency for Development and Co-operation,grant,adaptation,buildings,2.4283212
Germany / Federal Ministry for Economic Cooperation and Development,equity,both,other,2.4226692
France / MINEFI/NATEXIS,grant,mitigation,water,2.4220108
United Kingdom / Department for Environment Food and Rural Affairs,grant,adaptation,agriculture_land_use,2.4212666
France / MINEFI/NATEXIS,grant,mitigation,energy,2.4207294000000004
"United Kingdom / Foreign, Commonwealth and Development Office",grant,mitigation,water,2.4166456000000003
Austria / Austrian Development Bank,equity,both,other,2.4000000000000004
Laudes Foundation,grant,both,transport,2.3956406
United Kingdom / British International Investment,debt,mitigation,agriculture_land_use,2.3937936
Korea / Korea International Cooperation Agency,grant,adaptation,finance_policy,2.3855372
Japan / Japanese International Co-operation Agency,grant,both,other,2.3689534
Global Environment Facility / GEF Trust Fund,grant,adaptation,transport,2.3652
Austria / Austrian Development Agency,grant,adaptation,finance_policy,2.357954
Ford Foundation,grant,mitigation,energy,2.35
Korea / Miscellaneous,grant,mitigation,other,2.3468536
Luxembourg / Ministry of Foreign and European Affairs,grant,both,other,2.3422402
Belgium / Flanders Official Regional Ministries,grant,adaptation,transport,2.311041
Ireland / Department of Foreign Affairs,grant,both,health,2.3056398000000002
Belgium / Directorate General for Co-operation and Development,grant,both,waste,2.294451
Private Infrastructure Development Group / GAP,grant,mitigation,energy,2.28045
Asian Development Bank,equity,both,agriculture_land_use,2.25
Asian Development Bank,other,adaptation,other,2.25
Switzerland / State Secretariat for Economic Affairs,grant,both,transport,2.2395608
Australia / Australian Government,grant,mitigation,health,2.2259332
France / Proparco,grant,mitigation,industry_mining,2.223048
Asian Development Bank,debt,mitigation,education,2.223
Belgium / Directorate General for Co-operation and Development,grant,adaptation,education,2.2188104
Sweden / Swedish International Development Authority,grant,adaptation,education,2.2117218
People's Postcode Lottery,grant,both,finance_policy,2.2070816
Norwegian Postcode Lottery,grant,both,transport,2.2008616
Private Infrastructure Development Group / InfraCo Africa,equity,adaptation,agriculture_land_use,2.2
Germany / Federal Ministry for Economic Affairs and Climate Action,grant,both,water,2.186474
Margaret A. Cargill Foundation,grant,both,other,2.175
Denmark / Ministry of Foreign Affairs,grant,mitigation,waste,2.174022
Italy / Agenzia italiana per la cooperazione allo sviluppo,grant,adaptation,energy,2.163098
Austria / Federal Ministry of Finance,grant,both,water,2.163098
Austria / Federal Ministry of Finance,grant,adaptation,buildings,2.162864
EU Institutions / European Commission,grant,mitigation,buildings,2.1626296000000003
Korea / Korea International Cooperation Agency,grant,mitigation,finance_policy,2.16
Dutch Postcode Lottery,grant,both,education,2.151816
Korea / Ministry of Strategy and Finance,grant,mitigation,energy,2.1426188
Ireland / Department of Foreign Affairs,grant,adaptation,energy,2.1380926000000002
UNDP,grant,adaptation,transport,2.1254432000000003
Canada / International Development Research Centre,grant,adaptation,energy,2.1239868
United Kingdom / British International Investment,debt,both,water,2.109385
UN Peacebuilding Fund / UNPBF,grant,adaptation,energy,2.1
Sweden / SwedFund,debt,both,agriculture_land_use,2.0835328
Oak Foundation,grant,both,finance_policy,2.083335
Sweden / SwedFund,grant,mitigation,industry_mining,2.0816980000000003
Austria / Austrian Development Agency,grant,adaptation,buildings,2.0810838
Ford Foundation,grant,adaptation,agriculture_land_use,2.076204
Germany / Federal Ministry for Economic Affairs and Climate Action,grant,mitigation,education,2.054572
United Kingdom / Department for Environment Food and Rural Affairs,grant,adaptation,finance_policy,2.0492112000000002
Food and Agriculture Organisation / Core resources - developmental,grant,both,buildings,2.0474106
United States / Millennium Challenge Corporation,grant,adaptation,energy,2.04
Qatar / Qatar Fund for Development,grant,both,education,2.0392056
United States / State Department,grant,adaptation,energy,2.038972
Canada / Environment and Climate Change Canada,grant,mitigation,other,2.038093
Belgium / Flanders Official Regional Ministries,grant,adaptation,buildings,2.036082
Japan / Japanese International Co-operation Agency,grant,adaptation,buildings,2.035718
France / Ministry of Foreign Affairs,grant,both,transport,2.0348004
"Austria / Federal Ministry of Climate Action, Environment, Energy, Mobility, Innovation and Technology",grant,mitigation,finance_policy,2.03157
Switzerland / Swiss Agency for Development and Co-operation,grant,mitigation,industry_mining,2.026444
Hungary / Hungarian Export Import Bank PLC,debt,mitigation,water,2.0
William and Flora Hewlett Foundation / William & Flora Hewlett Foundation,grant,adaptation,energy,2.0
John D. and Catherine T. MacArthur Foundation / John & Catherine MacArthur Foundation,debt,adaptation,transport,2.0
Joint Sustainable Development Goals Fund,grant,mitigation,energy,1.999952
Asian Development Bank,grant,adaptation,industry_mining,1.9980000000000002
Austria / Austrian Development Agency,grant,both,other,1.9918902
France / COOP DECENTRAL/MAE,grant,adaptation,water,1.9867572000000002
Canada / Provincial Governments and municipalities,grant,adaptation,agriculture_land_use,1.9699462
United Kingdom / Department for Environment Food and Rural Affairs,grant,mitigation,finance_policy,1.9566888000000002
Norway / NORFUND,debt,mitigation,agriculture_land_use,1.956483
Netherlands / Ministry of Foreign Affairs of the Netherlands,grant,adaptation,education,1.922686
Italy / Ministry of Environment and Energy Security,grant,adaptation,other,1.918507
Laudes Foundation,grant,adaptation,other,1.9179212
Inter American Development Bank,other,adaptation,finance_policy,1.9
Norway / NORFUND,grant,mitigation,energy,1.8972152000000002
Ireland / Department of Foreign Affairs,grant,mitigation,energy,1.8966602
Sweden / Swedish International Development Authority,grant,mitigation,industry_mining,1.8924520000000002
Dutch Postcode Lottery,grant,adaptation,other,1.892301
Inter American Development Bank,other,both,industry_mining,1.8825
Japan / Japanese International Co-operation Agency,grant,mitigation,finance_policy,1.8767506
France / COOP DECENTRAL/MAE,grant,both,energy,1.8758902
Germany / Federal Ministry of Education and Research,grant,adaptation,energy,1.873748
Ford Foundation,grant,mitigation,other,1.8718000000000001
Global Environment Facility / Least Developed Countries Trust Fund (LDCF),grant,both,transport,1.862851
Netherlands / Ministry of Foreign Affairs of the Netherlands,grant,adaptation,industry_mining,1.8548588000000001
Qatar / Ministry of Foreign Affairs,grant,adaptation,transport,1.850696
Global Environment Facility / GEF Trust Fund,debt,both,agriculture_land_use,1.8461984
Sweden / Ministry of Foreign Affairs,grant,adaptation,transport,1.832325
Finland / FinnFund,debt,adaptation,transport,1.8265571999999999
Switzerland / State Secretariat for Economic Affairs,grant,adaptation,finance_policy,1.8171492000000002
World Bank (IBRD/IDA),other,mitigation,agriculture_land_use,1.8
Qatar / Qatar Fund for Development,grant,both,other,1.777308
Australia / Australian Government,debt,adaptation,transport,1.7677796000000001
Laudes Foundation,grant,mitigation,industry_mining,1.766012
Netherlands / Ministry of Foreign Affairs of the Netherlands,grant,mitigation,agriculture_land_use,1.7581196000000001
United Kingdom / Scottish Government,grant,adaptation,other,1.7571811999999998
"United Kingdom / Department for Business, Innovation and Skills",grant,both,education,1.7564000000000002
"United Kingdom / Department for Business, Innovation and Skills",grant,adaptation,water,1.743731
Laudes Foundation,grant,mitigation,buildings,1.7414966
New Zealand / Ministry of Foreign Affairs and Trade,grant,adaptation,health,1.7414260000000001
Austria / Federal Government of Austria,grant,adaptation,energy,1.7301039999999999
Germany / Federal Ministry of Food and Agriculture,grant,adaptation,transport,1.7242692
Poland / Ministry of Foreign Affairs,grant,both,transport,1.7230166
Germany / Federal Foreign Office,grant,mitigation,energy,1.7122062
Denmark / Ministry of Foreign Affairs,grant,mitigation,agriculture_land_use,1.7095834
Canada / International Development Research Centre,grant,adaptation,education,1.7086674
New Zealand / Ministry of Foreign Affairs and Trade,grant,adaptation,education,1.7043126000000002
Spain / Spanish Agency for International Development Co-operation,grant,adaptation,water,1.6995478
Norwegian Postcode Lottery,grant,adaptation,other,1.6912844
United Kingdom / Department for Environment Food and Rural Affairs,grant,adaptation,water,1.6730788
Italy / Ministry of Environment and Energy Security,grant,both,education,1.6725122000000001
Spain / Comunidad Valenciana,grant,mitigation,agriculture_land_use,1.6691298
Japan / Ministry of Foreign Affairs,grant,mitigation,agriculture_land_use,1.66058
Canada / Miscellaneous,grant,both,finance_policy,1.6527638
Canada / International Development Research Centre,grant,adaptation,agriculture_land_use,1.6410434
France / MINEFI/NATEXIS,grant,mitigation,agriculture_land_use,1.6351934
Czechia / Ministry of Foreign Affairs,grant,adaptation,other,1.6300068
Belgium / Directorate General for Co-operation and Development,grant,mitigation,transport,1.6268892000000001
Estonia / Other Ministries,grant,both,finance_policy,1.621972
United Kingdom / Scottish Government,grant,mitigation,energy,1.6130198
"Germany / Federal Ministry for the Enviroment, Nature Conservation, Nuclear Safety and Consumer Protection",grant,mitigation,transport,1.6045832
Austria / Austrian Development Agency,grant,both,finance_policy,1.6019026
John D. and Catherine T. MacArthur Foundation / John & Catherine MacArthur Foundation,grant,both,finance_policy,1.6
Australia / Australian Government,equity,mitigation,energy,1.6
David and Lucile Packard Foundation / David & Lucile Packard Foundation,debt,adaptation,finance_policy,1.6
UBS Optimus Foundation,grant,adaptation,water,1.6
Japan / Ministry of Foreign Affairs,grant,both,other,1.5959012000000001
Sweden / Swedish International Development Authority,grant,adaptation,health,1.5896588
Germany / Federal Ministry of Education and Research,grant,adaptation,other,1.5884592
Finland / Ministry of Foreign Affairs,grant,mitigation,transport,1.565954
Canada / International Development Research Centre,grant,both,energy,1.5656542
Germany / Federal Ministry for Economic Cooperation and Development,grant,mitigation,waste,1.5574304
Dutch Postcode Lottery,grant,mitigation,other,1.5570932000000002
John D. and Catherine T. MacArthur Foundation / John & Catherine MacArthur Foundation,grant,mitigation,finance_policy,1.556
Leona M. and Harry B. Helmsley Charitable Trust,grant,adaptation,agriculture_land_use,1.537944
William and Flora Hewlett Foundation / William & Flora Hewlett Foundation,grant,mitigation,other,1.53
United Kingdom / Conflict stability and security fund,grant,adaptation,agriculture_land_use,1.525892
Spain / Comunidad Valenciana,grant,both,other,1.521633
Korea / Miscellaneous,grant,adaptation,health,1.5188776000000002
Central Emergency Response Fund / Under Funded,grant,adaptation,water,1.5176
Korea / Ministry of Foreign Affairs and Trade,grant,both,agriculture_land_use,1.5159099999999999
France / MIN/EQUIPEMENT,grant,adaptation,water,1.513854
France / Proparco,grant,both,finance_policy,1.51384
Wellcome Trust,grant,both,buildings,1.5063840000000002
Spain / Spanish Agency for International Development Co-operation,grant,both,finance_policy,1.5037562
Gordon and Betty Moore Foundation,grant,adaptation,finance_policy,1.50208
Switzerland / Cantons and municipalities,grant,adaptation,agriculture_land_use,1.4979714
Spain / Comunidad Autónoma de Andalucía,grant,both,other,1.4958618000000001
Spain / Comunidad Valenciana,grant,mitigation,other,1.4924520000000001
Italy / Ministry of Environment and Energy Security,grant,both,buildings,1.49031
Canada / Global Affairs Canada,grant,both,water,1.487409
Food and Agriculture Organisation / Core resources - developmental,grant,both,finance_policy,1.4814676
Gordon and Betty Moore Foundation,grant,adaptation,industry_mining,1.4714
Canada / International Development Research Centre,grant,adaptation,water,1.4678552
United States / State Department,grant,both,energy,1.464945
Spain / Spanish Agency for International Development Co-operation,grant,adaptation,finance_policy,1.4629274
Laudes Foundation,grant,adaptation,transport,1.4508322
United Kingdom / Department of Health  and Social Care,grant,both,health,1.448269
Portugal / Portuguese Government,grant,mitigation,transport,1.4423446
Sweden / Swedish International Development Authority,grant,mitigation,buildings,1.4335432000000001
Austria / Federal Ministry of Finance,grant,both,education,1.4276444000000001
Italy / Agenzia italiana per la cooperazione allo sviluppo,grant,both,health,1.4252090000000002
United States / State Department,grant,both,finance_policy,1.41239
UN Peacebuilding Fund / UNPBF,grant,adaptation,finance_policy,1.3998590000000002
United States / Department of Agriculture,grant,adaptation,agriculture_land_use,1.3978332
Canada / International Development Research Centre,grant,both,water,1.397393
Ireland / Department of Foreign Affairs,grant,adaptation,education,1.3957426
Japan / Ministry of Foreign Affairs,grant,both,water,1.372001
Ford Foundation,grant,adaptation,energy,1.3599999999999999
United Kingdom / Conflict stability and security fund,grant,both,transport,1.3593646000000001
Finland / Ministry of Foreign Affairs,grant,mitigation,waste,1.3556042000000001
Portugal / Portuguese Government,grant,adaptation,water,1.351702
Czechia / Ministry of Foreign Affairs,grant,mitigation,energy,1.3503608
Asian Development Bank,equity,mitigation,agriculture_land_use,1.35
Food and Agriculture Organisation / Core resources - developmental,grant,adaptation,transport,1.3474728
Czechia / Czech Development Agency,grant,both,water,1.3466732
Korea / Korea International Cooperation Agency,grant,both,industry_mining,1.3460219999999998
Global Environment Facility / GEF Trust Fund,debt,adaptation,other,1.34028
Wellcome Trust,grant,adaptation,agriculture_land_use,1.3360932
Korea / Ministry of Foreign Affairs and Trade,grant,adaptation,other,1.3344
Korea / Ministry of Foreign Affairs and Trade,grant,adaptation,agriculture_land_use,1.3344
Spain / Spanish Agency for International Development Co-operation,grant,adaptation,transport,1.3303060000000002
Gordon and Betty Moore Foundation,grant,adaptation,water,1.3200000000000003
Asian Development Bank,grant,mitigation,industry_mining,1.32
Dutch Postcode Lottery,grant,adaptation,water,1.3193552000000002
United States / Trade and Development Agency,grant,mitigation,transport,1.314859
United States / Environmental Protection Agency,grant,mitigation,transport,1.311896
Japan / Japanese International Co-operation Agency,grant,both,finance_policy,1.3089836
Global Environment Facility / Global Biodiversity Framework Fund (GBFF),grant,both,finance_policy,1.3041600000000002
"United Kingdom / Department for Culture, Media and Sports",grant,adaptation,buildings,1.3021196
Germany / Federal Foreign Office,grant,both,buildings,1.3019032000000001
Global Environment Facility / GEF Trust Fund,debt,adaptation,finance_policy,1.3008600000000001
Global Environment Facility / GEF Trust Fund,debt,adaptation,agriculture_land_use,1.3008600000000001
Margaret A. Cargill Foundation,grant,adaptation,other,1.3
"United Kingdom / Department for Business, Innovation and Skills",grant,adaptation,transport,1.2981958
Council of Europe Development Bank / Council of Europe Development Bank (CEB),debt,mitigation,finance_policy,1.2978584
"Austria / Federal Ministry of Agriculture, Regions and Tourism",grant,adaptation,other,1.2976716000000001
Food and Agriculture Organisation / Core resources - developmental,grant,mitigation,agriculture_land_use,1.2922338000000002
France / Ministry of Foreign Affairs,grant,adaptation,education,1.288362
Open Society Foundations,grant,adaptation,energy,1.270001
Sweden / Ministry of Foreign Affairs,grant,mitigation,finance_policy,1.2540166
Austria / Federal Ministry of Finance,grant,mitigation,transport,1.2502682
Asian Development Bank,grant,mitigation,agriculture_land_use,1.25
People's Postcode Lottery,grant,adaptation,agriculture_land_use,1.243008
"United Kingdom / Department for Culture, Media and Sports",grant,both,buildings,1.239872
United States / International Development Finance Corporation,grant,mitigation,energy,1.2394492
Finland / Ministry of Foreign Affairs,grant,mitigation,industry_mining,1.2392992
Japan / Other Ministries,grant,adaptation,finance_policy,1.2132052
"Japan / Ministry of Agriculture, Forestry and Fisheries",grant,adaptation,water,1.2123102000000001
Sweden / SwedFund,grant,mitigation,transport,1.1971268
Korea / Ministry of Strategy and Finance,grant,mitigation,buildings,1.195595
UN Peacebuilding Fund / UNPBF,grant,adaptation,transport,1.1946379999999999
Belgium / Flanders Official Regional Ministries,grant,both,buildings,1.19182
Swedish Postcode Lottery,grant,mitigation,other,1.191162
France / COOP DECENTRAL/MAE,grant,both,transport,1.189081
Finland / Ministry of Foreign Affairs,grant,adaptation,water,1.1885852000000001
Spain / Spanish Agency for International Development Co-operation,grant,mitigation,buildings,1.1877618
Japan / Other Ministries,grant,adaptation,waste,1.187486
David and Lucile Packard Foundation / David & Lucile Packard Foundation,grant,both,buildings,1.185
United Kingdom / Department for Environment Food and Rural Affairs,grant,mitigation,education,1.183752
France / IRD,grant,adaptation,health,1.1684236
Asian Development Bank,other,adaptation,agriculture_land_use,1.167
John D. and Catherine T. MacArthur Foundation / John & Catherine MacArthur Foundation,grant,mitigation,transport,1.1600000000000001
Spain / Spanish Agency for International Development Co-operation,grant,mitigation,waste,1.1528494
France / MINEFI/NATEXIS,grant,mitigation,other,1.1473806
Ireland / Department of Foreign Affairs,grant,adaptation,buildings,1.1466914
Denmark / Investment Fund For Developing Countries,debt,mitigation,agriculture_land_use,1.130707
Austria / Federal Ministry of Finance,grant,both,buildings,1.1255562000000001
Finland / Ministry of Foreign Affairs,grant,mitigation,energy,1.1244471999999999
United Kingdom / Conflict stability and security fund,grant,both,buildings,1.1215443999999999
Ireland / Department of Foreign Affairs,grant,mitigation,health,1.1186164
France / MIN/EQUIPEMENT,grant,both,water,1.1062532
Spain / Spanish Agency for International Development Co-operation,grant,adaptation,agriculture_land_use,1.1062312
Portugal / Portuguese Government,grant,adaptation,finance_policy,1.0902014
"Germany / Federal Ministry for the Enviroment, Nature Conservation, Nuclear Safety and Consumer Protection",grant,both,finance_policy,1.0879964
Luxembourg / Ministry of Foreign and European Affairs,grant,both,transport,1.0861596
Canada / FinDev Canada,equity,mitigation,energy,1.08393
"Austria / Federal Ministry of Climate Action, Environment, Energy, Mobility, Innovation and Technology",grant,adaptation,finance_policy,1.081315
Finland / Ministry of Foreign Affairs,other,adaptation,finance_policy,1.081315
Belgium / Other Official Federal Services,grant,mitigation,energy,1.0813148000000001
Switzerland / Swiss Agency for Development and Co-operation,grant,mitigation,transport,1.0806676
Fondation Botnar / Botnar Foundation,equity,mitigation,energy,1.074689
Swedish Postcode Lottery,grant,mitigation,agriculture_land_use,1.074292
Germany / Free State of Bavaria,grant,both,energy,1.071621
Germany / Federal Ministry for Economic Cooperation and Development,grant,both,waste,1.0674672
UNDP,grant,adaptation,energy,1.0599028
France / Ministry of Foreign Affairs,grant,both,health,1.0565696
"Japan / Ministry of Agriculture, Forestry and Fisheries",grant,adaptation,transport,1.0556182
Germany / Free State of Bavaria,grant,adaptation,agriculture_land_use,1.0519314
Japan / Japanese International Co-operation Agency,grant,adaptation,education,1.0515546
Spain / Spanish Agency for International Development Co-operation,grant,mitigation,education,1.0514316000000001
Canada / Environment and Climate Change Canada,grant,both,transport,1.0512442
Asian Development Bank,equity,adaptation,other,1.034
Japan / Japanese International Co-operation Agency,grant,adaptation,industry_mining,1.0333908
Sweden / Swedish International Development Authority,grant,both,health,1.0266161999999999
Switzerland / Cantons and municipalities,grant,both,agriculture_land_use,1.0214902000000001
Iceland / Ministry of Foreign Affairs,grant,adaptation,water,1.0201988
Leona M. and Harry B. Helmsley Charitable Trust,grant,adaptation,transport,1.02
United Kingdom / British International Investment,equity,adaptation,buildings,1.012063
France / Miscellaneous,grant,mitigation,energy,1.011554
Norway / Norwegian Agency for Development Co-operation,grant,both,education,1.0114156
Canada / Environment and Climate Change Canada,grant,adaptation,other,1.010345
WTO - International Trade Centre / VC unearmarked,grant,mitigation,transport,1.0032052
Asian Development Bank,grant,adaptation,education,1.0
William and Flora Hewlett Foundation / William & Flora Hewlett Foundation,grant,both,education,1.0
Nordic Development Fund,grant,adaptation,finance_policy,1.0
France / MIN/EQUIPEMENT,grant,mitigation,water,0.9883400000000001
Germany / Federal Ministry of Food and Agriculture,grant,both,buildings,0.9870512
United States / Department of Agriculture,grant,mitigation,agriculture_land_use,0.986757
France / COOP DECENTRAL/MAE,grant,both,finance_policy,0.9857664
Ford Foundation,grant,mitigation,education,0.97
Spain / Spanish Agency for International Development Co-operation,grant,mitigation,health,0.9651644
"Germany / Federal Ministry for the Enviroment, Nature Conservation, Nuclear Safety and Consumer Protection",grant,both,transport,0.9608112000000001
"United Kingdom / Department for Business, Innovation and Skills",grant,both,energy,0.9592278000000001
Belgium / Flanders Official Regional Ministries,grant,both,water,0.9560702000000001
"Austria / Federal Ministry of Climate Action, Environment, Energy, Mobility, Innovation and Technology",grant,both,energy,0.953604
Iceland / Ministry of Foreign Affairs,grant,adaptation,finance_policy,0.9529000000000001
Canada / International Development Research Centre,grant,mitigation,energy,0.948906
Sweden / SwedFund,grant,both,transport,0.9431200000000001
Germany / Federal Foreign Office,grant,mitigation,buildings,0.940947
Germany / Federal Foreign Office,grant,mitigation,industry_mining,0.940847
Good Ventures Foundation,grant,adaptation,other,0.9353600000000001
Sweden / Miscellaneous,grant,mitigation,transport,0.9348580000000001
Asian Development Bank,grant,mitigation,health,0.915675
United Kingdom / Department for Environment Food and Rural Affairs,grant,adaptation,education,0.9144566000000001
Austria / Austrian Development Agency,grant,both,agriculture_land_use,0.9062988000000001
Korea / Miscellaneous,grant,mitigation,water,0.9059092
Iceland / Ministry of Foreign Affairs,grant,adaptation,education,0.90293
Spain / Comunidad Valenciana,grant,mitigation,buildings,0.901013
France / COOP DECENTRAL/MAE,grant,adaptation,agriculture_land_use,0.891088
Portugal / Camões-Institute for Cooperation and Language,grant,adaptation,other,0.8788848
Iceland / Ministry of Foreign Affairs,grant,adaptation,transport,0.8733212000000001
Japan / Japanese International Co-operation Agency,grant,both,energy,0.866832
IKEA Foundation,grant,both,buildings,0.8652392000000001
Austria / Federal Government of Austria,grant,adaptation,other,0.865052
Gates Foundation / Bill & Melinda Gates Foundation,grant,adaptation,education,0.8613
Central Emergency Response Fund / Under Funded,grant,adaptation,agriculture_land_use,0.8600000000000001
Switzerland / Cantons and municipalities,grant,both,other,0.8573312000000001
Spain / Comunidad Valenciana,grant,both,agriculture_land_use,0.8557326000000001
Italy / Agenzia italiana per la cooperazione allo sviluppo,grant,mitigation,buildings,0.8518808000000001
Japan / Other Ministries,grant,adaptation,transport,0.850442
United States / Trade and Development Agency,grant,adaptation,transport,0.8485856
Czechia / Czech Development Agency,grant,mitigation,energy,0.8483082
Swedish Postcode Lottery,grant,adaptation,agriculture_land_use,0.8481408
Finland / Ministry of Foreign Affairs,grant,adaptation,education,0.8476884
Germany / Federal Ministry of Education and Research,grant,mitigation,agriculture_land_use,0.8444362000000001
Norway / Ministry of Foreign Affairs,grant,mitigation,transport,0.8332476
Good Ventures Foundation,grant,adaptation,health,0.8254400000000001
United Kingdom / Department of Health  and Social Care,grant,adaptation,buildings,0.8214648
John D. and Catherine T. MacArthur Foundation / John & Catherine MacArthur Foundation,grant,adaptation,transport,0.8200000000000001
Germany / Federal Foreign Office,grant,mitigation,education,0.8163736
Luxembourg / Ministry of Foreign and European Affairs,grant,mitigation,energy,0.8083030000000001
Japan / Japanese International Co-operation Agency,grant,mitigation,other,0.8030902
Good Ventures Foundation,grant,adaptation,finance_policy,0.8
Iceland / Ministry of Foreign Affairs,grant,both,finance_policy,0.7990402000000001
"Japan / Ministry of Agriculture, Forestry and Fisheries",grant,both,agriculture_land_use,0.7946650000000001
Luxembourg / Ministry of Foreign and European Affairs,grant,adaptation,buildings,0.792152
New Zealand / Ministry of Foreign Affairs and Trade,grant,both,buildings,0.7903072
Food and Agriculture Organisation / Core resources - developmental,grant,adaptation,other,0.7893410000000001
Korea / Korea International Cooperation Agency,grant,adaptation,other,0.788238
United Kingdom / Conflict stability and security fund,grant,mitigation,buildings,0.7880948
Austria / Austrian Development Agency,grant,both,buildings,0.7847546
UNDP,grant,adaptation,buildings,0.7830628
Oak Foundation,grant,adaptation,energy,0.781917
UNFPA,grant,adaptation,transport,0.7769440000000001
Sweden / Ministry of Foreign Affairs,grant,both,finance_policy,0.7715668
Portugal / Camões-Institute for Cooperation and Language,grant,adaptation,education,0.7705148
France / Proparco,equity,adaptation,other,0.7640332000000001
Japan / Ministry of Foreign Affairs,grant,both,transport,0.7607864000000001
UNDP,grant,adaptation,agriculture_land_use,0.754697
Swedish Postcode Lottery,grant,both,other,0.7544964000000001
Spain / Spanish Agency for International Development Co-operation,grant,both,education,0.7516118
Norway / Ministry of Climate and Environment,grant,mitigation,other,0.744207
Portugal / Camões-Institute for Cooperation and Language,grant,adaptation,agriculture_land_use,0.7431676
William and Flora Hewlett Foundation / William & Flora Hewlett Foundation,grant,mitigation,education,0.7400000000000001
Belgium / Flanders Official Regional Ministries,grant,both,transport,0.7385012000000001
Iceland / Ministry of Foreign Affairs,grant,adaptation,health,0.7379544
Norway / Norwegian Agency for Exchange Cooperation,grant,adaptation,finance_policy,0.7357663999999999
France / Ministry of Foreign Affairs,grant,adaptation,finance_policy,0.733921
Korea / Korea International Cooperation Agency,grant,both,health,0.733602
Italy / Earmarked fiscal flows to NGOs & religious organisations,grant,mitigation,energy,0.7310112
Canada / Miscellaneous,grant,both,transport,0.7299272000000001
Denmark / Ministry of Foreign Affairs,grant,adaptation,energy,0.7281388
"Austria / Federal Ministry of Climate Action, Environment, Energy, Mobility, Innovation and Technology",grant,mitigation,other,0.726202
Türkiye,grant,mitigation,energy,0.72593
Arab Fund (AFESD) / Arab Fund,grant,both,water,0.7251604
David and Lucile Packard Foundation / David & Lucile Packard Foundation,equity,adaptation,finance_policy,0.7250736
Australia / Australian Government,grant,adaptation,industry_mining,0.7248668
IKEA Foundation,grant,adaptation,finance_policy,0.7214464
Asian Development Bank,grant,adaptation,health,0.72
Germany / Land Baden-Württemberg,grant,adaptation,health,0.7177156
Arab Fund (AFESD) / Arab Fund,grant,both,finance_policy,0.7173348
Good Ventures Foundation,grant,adaptation,transport,0.716
Canada / International Development Research Centre,grant,both,industry_mining,0.7152082
France / MINEFI/NATEXIS,grant,mitigation,transport,0.710407
France / COOP DECENTRAL/MAE,grant,adaptation,other,0.7064566
United States / Trade and Development Agency,grant,mitigation,water,0.704404
"Germany / Federal Ministry for the Enviroment, Nature Conservation, Nuclear Safety and Consumer Protection",grant,both,education,0.703456
Finland / Ministry of Foreign Affairs,grant,adaptation,buildings,0.7012852
Spain / Municipalities,grant,both,water,0.7010182
La Caixa Banking Foundation,grant,adaptation,other,0.7008436
France / Miscellaneous,grant,both,finance_policy,0.7002292000000001
Open Society Foundations,grant,adaptation,other,0.7000000000000001
Oak Foundation,grant,mitigation,finance_policy,0.7
Finland / Ministry of Foreign Affairs,grant,adaptation,transport,0.6982566
"France / Ministry of Economy, Finance and Industry",grant,mitigation,other,0.6920884
France / IRD,grant,mitigation,other,0.6900656000000001
Belgium / Flanders Official Regional Ministries,grant,mitigation,other,0.68546
Italy / Earmarked fiscal flows to NGOs & religious organisations,grant,adaptation,water,0.6833552
Norway / Norwegian Agency for Exchange Cooperation,grant,adaptation,agriculture_land_use,0.6826516
United Kingdom / Conflict stability and security fund,grant,mitigation,agriculture_land_use,0.6821244
David and Lucile Packard Foundation / David & Lucile Packard Foundation,grant,adaptation,transport,0.682
Denmark / Ministry of Foreign Affairs,grant,mitigation,water,0.681666
Sweden / Swedish International Development Authority,grant,both,industry_mining,0.6812824000000002
Germany / Federal Foreign Office,grant,adaptation,water,0.6806942
Hungary / Ministry of Foreign Affairs and Trade,grant,adaptation,agriculture_land_use,0.6794056
Swedish Postcode Lottery,grant,both,finance_policy,0.6790468000000001
Spain / Comunidad Autónoma de Cataluña,grant,adaptation,other,0.677689
Belgium / Flanders Official Regional Ministries,grant,adaptation,energy,0.6744204
"Germany / Federal Ministry for the Enviroment, Nature Conservation, Nuclear Safety and Consumer Protection",grant,both,energy,0.6729008
Italy / Ministry of Foreign Affairs and International Cooperation,grant,both,water,0.6698100000000001
Spain / Municipalities,grant,both,agriculture_land_use,0.6691358000000001
Swedish Postcode Lottery,grant,adaptation,finance_policy,0.667563
Korea / Ministry of Foreign Affairs and Trade,grant,adaptation,education,0.6672
"United Kingdom / Department for Business, Innovation and Skills",grant,both,agriculture_land_use,0.6670576
Belgium / Flanders Official Regional Ministries,grant,mitigation,energy,0.6615070000000001
Germany / Free State of Bavaria,grant,mitigation,energy,0.6573516000000001
Italy / Public universities and research institutes and Italian red cross,grant,adaptation,education,0.6556128
UNDP,grant,adaptation,health,0.6552536
Czechia / Czech Development Agency,grant,both,transport,0.6537972000000001
Korea / Miscellaneous,grant,adaptation,other,0.651861
Spain / Comunidad Foral de Navarra,grant,adaptation,agriculture_land_use,0.648929
Austria / Federal Government of Austria,grant,adaptation,transport,0.6487888
Spain / Comunidad Autónoma de Andalucía,grant,both,health,0.647696
Portugal / Camões-Institute for Cooperation and Language,grant,both,energy,0.6464500000000001
Iceland / Ministry of Foreign Affairs,grant,both,transport,0.6392211999999999
Germany / Federal Foreign Office,grant,mitigation,water,0.627298
Netherlands / Ministry of Foreign Affairs of the Netherlands,grant,both,education,0.6215900000000001
United Kingdom / Conflict stability and security fund,grant,mitigation,other,0.620148
David and Lucile Packard Foundation / David & Lucile Packard Foundation,grant,adaptation,finance_policy,0.62
Switzerland / Cantons and municipalities,grant,adaptation,other,0.6176670000000001
Switzerland / Swiss Agency for Development and Co-operation,grant,mitigation,water,0.613288
UNICEF,grant,adaptation,water,0.6120000000000001
Luxembourg / Ministry of Foreign and European Affairs,grant,adaptation,water,0.6078076
Germany / Land Hesse,grant,both,education,0.6054124000000001
United Kingdom / British International Investment,debt,adaptation,industry_mining,0.603658
Italy / Ministry of Foreign Affairs and International Cooperation,grant,both,transport,0.6022050000000001
International Labour Organisation / Regular Budget,grant,mitigation,transport,0.6012028
France / Ministry of Foreign Affairs,grant,adaptation,transport,0.6011168
John D. and Catherine T. MacArthur Foundation / John & Catherine MacArthur Foundation,grant,adaptation,other,0.6000000000000001
Switzerland / Swiss Agency for Development and Co-operation,grant,adaptation,education,0.5996668
Korea / Ministry of Strategy and Finance,grant,mitigation,transport,0.5972498
France / Ministry of Foreign Affairs,grant,both,water,0.5945072
United States / Department of Agriculture,grant,mitigation,health,0.59365
Slovenia / Ministry of Finance,grant,both,agriculture_land_use,0.593036
Poland / Ministry of Foreign Affairs,grant,both,health,0.5923996
Slovak Republic / Slovak Agency for International Deve (SAMRS),grant,both,energy,0.5922156000000001
Iceland / Ministry of Foreign Affairs,grant,both,health,0.5894336
Finland / Ministry of Foreign Affairs,grant,mitigation,finance_policy,0.586056
Open Society Foundations,grant,adaptation,education,0.5840000000000001
Spain / Comunidad Autónoma de Andalucía,grant,both,water,0.5839802000000001
Spain / Ministry of the Environment and Rural and Marine Environs,grant,mitigation,other,0.5688524000000001
Slovak Republic / Slovak Agency for International Deve (SAMRS),grant,both,transport,0.5678412
Spain / Spanish Agency for International Development Co-operation,grant,both,buildings,0.562808
Gates Foundation / Bill & Melinda Gates Foundation,grant,mitigation,agriculture_land_use,0.5608920000000001
Italy / Agenzia italiana per la cooperazione allo sviluppo,grant,adaptation,education,0.5589892000000001
Czechia / Czech Development Agency,grant,adaptation,transport,0.5587384000000001
Spain / Municipalities,grant,mitigation,water,0.5574948000000001
Spain / Comunidad Autónoma de Cataluña,grant,adaptation,transport,0.557195
Sweden / Ministry of Foreign Affairs,grant,adaptation,finance_policy,0.5554288000000001
"Japan / Ministry of Agriculture, Forestry and Fisheries",grant,both,buildings,0.55497
"Austria / Federal Ministry of Climate Action, Environment, Energy, Mobility, Innovation and Technology",grant,both,transport,0.554241
Korea / Miscellaneous,grant,adaptation,energy,0.5510164000000001
Inter American Development Bank,other,adaptation,industry_mining,0.5499999999999999
Germany / Federal Foreign Office,grant,adaptation,education,0.5498536
Canada / Miscellaneous,grant,both,other,0.5498166
Korea / Ministry of Strategy and Finance,grant,adaptation,transport,0.5496934
France / Miscellaneous,grant,mitigation,finance_policy,0.5478651999999999
Spain / Spanish Agency for International Development Co-operation,grant,both,transport,0.5465144000000001
United Kingdom / Conflict stability and security fund,grant,both,water,0.543965
Spain / Spanish Agency for International Development Co-operation,grant,both,industry_mining,0.543601
Qatar / Qatar Fund for Development,grant,adaptation,other,0.5432916
Food and Agriculture Organisation / Core resources - developmental,grant,mitigation,transport,0.5430777999999999
Czechia / Ministry of Foreign Affairs,grant,adaptation,transport,0.5411456000000001
Monaco / Government of Monaco,grant,adaptation,transport,0.540727
Nordic Development Fund,grant,both,transport,0.540657
David and Lucile Packard Foundation / David & Lucile Packard Foundation,grant,both,energy,0.5403
Canada / International Development Research Centre,grant,adaptation,industry_mining,0.5379
Spain / Comunidad Autónoma de Extremadura,grant,both,water,0.537413
Poland / Ministry of Foreign Affairs,grant,both,energy,0.5371722
"France / Ministry of Education, Higher education and Research",grant,adaptation,health,0.5343048
Czechia / Czech Development Agency,grant,adaptation,water,0.5323616
United Kingdom / Scottish Government,grant,both,water,0.5273888
Food and Agriculture Organisation / Core resources - developmental,grant,mitigation,other,0.52458
Finland / FinnFund,debt,adaptation,agriculture_land_use,0.520474
Japan / Ministry of Foreign Affairs,grant,both,health,0.5204656
Oak Foundation,grant,both,agriculture_land_use,0.5197944000000001
"Slovenia / Ministry of the Environment, Climate and Energy",grant,both,finance_policy,0.51924
Austria / Austrian Development Bank,debt,mitigation,agriculture_land_use,0.5191436
France / MINEFI/NATEXIS,grant,adaptation,other,0.519143
Poland / Ministry of Foreign Affairs,grant,both,other,0.5188842
Switzerland / Federal Office for the Environment,grant,both,other,0.5184040000000001
Spain / Comunidad Valenciana,grant,both,water,0.5161832000000001
Croatia / Ministry of Foreign and European Affairs,grant,both,transport,0.516
France / COOP DECENTRAL/MAE,grant,both,education,0.5138092
Korea / Korea International Cooperation Agency,grant,mitigation,water,0.5124838
Spain / Municipalities,grant,mitigation,other,0.5115810000000001
People's Postcode Lottery,grant,both,energy,0.5110515999999999
Switzerland / Federal Office for the Environment,grant,mitigation,transport,0.510392
Japan / Other Ministries,grant,mitigation,energy,0.509259
"United Kingdom / Department for Business, Innovation and Skills",grant,both,finance_policy,0.5070244
United States / Environmental Protection Agency,grant,mitigation,finance_policy,0.506
Ireland / Department of Foreign Affairs,grant,mitigation,education,0.5043308
United Kingdom / UK-India Tech Start-up Fund,equity,both,transport,0.503526
Austria / Austrian Development Agency,grant,both,water,0.5020756
Germany / Federal Ministry of Food and Agriculture,grant,adaptation,buildings,0.5020696
Japan / Ministry of Foreign Affairs,grant,both,energy,0.501935
Germany / Federal Foreign Office,grant,mitigation,other,0.5005816000000001
Oak Foundation,grant,adaptation,transport,0.5
Canada / International Development Research Centre,grant,both,transport,0.4940738
Canada / International Development Research Centre,grant,adaptation,health,0.4940624
"Japan / Ministry of Agriculture, Forestry and Fisheries",grant,both,transport,0.492619
Spain / Comunidad de Castilla y León,grant,both,water,0.4908024
Portugal / Camões-Institute for Cooperation and Language,grant,both,education,0.4880504
Wellcome Trust,grant,both,finance_policy,0.4860676
Germany / Federal Ministry for Economic Cooperation and Development,grant,mitigation,health,0.4856452
Liechtenstein / Ministry of Foreign Affairs,grant,adaptation,water,0.48518360000000005
Germany / Land North Rhine-Westphalia,grant,adaptation,other,0.4846876
Spain / Spanish Agency for International Development Co-operation,grant,both,waste,0.481834
Canada / International Development Research Centre,grant,mitigation,agriculture_land_use,0.478934
France / COOP DECENTRAL/MAE,grant,mitigation,water,0.478538
Germany / Federal Ministry of Food and Agriculture,grant,mitigation,finance_policy,0.476579
Estonia / Other Ministries,grant,both,energy,0.474758
Liechtenstein / Ministry of Foreign Affairs,grant,adaptation,transport,0.47338
Sweden / Ministry of Foreign Affairs,grant,mitigation,industry_mining,0.473113
Italy / Ministry of Foreign Affairs and International Cooperation,grant,both,finance_policy,0.471367
Bloomberg Family Foundation,grant,both,other,0.47032640000000003
Food and Agriculture Organisation / Core resources - developmental,grant,adaptation,buildings,0.46431160000000005
Oak Foundation,grant,adaptation,buildings,0.459715
Poland / Ministry of Foreign Affairs,grant,adaptation,buildings,0.45777599999999996
Canada / International Development Research Centre,grant,adaptation,finance_policy,0.4567618
Norway / Norwegian Agency for Development Co-operation,grant,both,buildings,0.45632480000000003
Spain / Municipalities,grant,mitigation,agriculture_land_use,0.45588720000000005
Canada / International Development Research Centre,grant,both,agriculture_land_use,0.454818
Sweden / SwedFund,grant,both,water,0.4541884
Germany / Free State of Bavaria,grant,adaptation,education,0.4525096
Spain / Comunidad Foral de Navarra,grant,both,other,0.44982720000000004
Germany / Federal Foreign Office,grant,both,energy,0.44653960000000004
"Austria / Provincial governments, local communities",grant,mitigation,energy,0.4436876
"France / Ministry of Economy, Finance and Industry",grant,both,other,0.44343460000000007
New Zealand / Ministry of Foreign Affairs and Trade,grant,mitigation,energy,0.4417366
"Canada / Immigration, Refugees and Citizenship Canada",grant,adaptation,agriculture_land_use,0.4379564
Canada / FinDev Canada,debt,mitigation,agriculture_land_use,0.4379564
Switzerland / Cantons and municipalities,grant,adaptation,water,0.4360292
Czechia / Czech Development Agency,grant,both,energy,0.434441
Sweden / SwedFund,grant,adaptation,water,0.43383520000000003
Germany / Federal Ministry of Food and Agriculture,grant,mitigation,other,0.4335432
Spain / Municipalities,grant,both,energy,0.43326800000000004
Austria / Federal Ministry of Finance,grant,adaptation,water,0.43261960000000005
Finland / Ministry of Foreign Affairs,grant,both,waste,0.43261960000000005
Spain / Comunidad Valenciana,grant,both,transport,0.432526
France / Proparco,grant,adaptation,other,0.43252560000000007
Italy / Agenzia italiana per la cooperazione allo sviluppo,grant,mitigation,finance_policy,0.43252560000000007
Spain / Comunidad Autónoma de Andalucía,grant,both,energy,0.432016
"Austria / Federal Ministry of Climate Action, Environment, Energy, Mobility, Innovation and Technology",grant,adaptation,transport,0.430951
Belgium / Flanders Official Regional Ministries,grant,adaptation,education,0.42900099999999997
Italy / Agenzia italiana per la cooperazione allo sviluppo,grant,mitigation,education,0.4286328
Japan / Japanese International Co-operation Agency,grant,both,buildings,0.42614520000000006
France / Proparco,grant,mitigation,energy,0.421804
Austria / Federal Ministry of Finance,grant,mitigation,energy,0.421798
Open Society Foundations,grant,adaptation,finance_policy,0.4202156000000001
Ford Foundation,grant,adaptation,industry_mining,0.42000000000000004
"United Kingdom / Department for Business, Innovation and Skills",grant,adaptation,energy,0.4165702
Netherlands / Ministry of Foreign Affairs of the Netherlands,grant,adaptation,waste,0.4161416
France / MIN/SANTE,grant,mitigation,other,0.4152696
Iceland / Ministry of Foreign Affairs,grant,adaptation,agriculture_land_use,0.41481
"United Kingdom / Department for Business, Innovation and Skills",grant,adaptation,health,0.41422820000000005
France / IRD,grant,mitigation,agriculture_land_use,0.41346900000000003
Spain / Comunidad Autónoma de Andalucía,grant,both,buildings,0.413216
Germany / Federal Ministry of Food and Agriculture,grant,mitigation,agriculture_land_use,0.4122904
Swedish Postcode Lottery,grant,mitigation,finance_policy,0.408372
Spain / Municipalities,grant,both,other,0.402907
Ford Foundation,grant,both,agriculture_land_use,0.4
United Kingdom / Scottish Government,grant,both,other,0.397067
Czechia / Ministry of Foreign Affairs,grant,mitigation,other,0.3930676000000001
Norway / Ministry of Foreign Affairs,grant,adaptation,water,0.3927196
German Postcode Lottery,grant,both,agriculture_land_use,0.3899718
Spain / Ministry of the Environment and Rural and Marine Environs,grant,adaptation,other,0.3870276
Czechia / Czech Development Agency,grant,adaptation,education,0.386948
Finland / Ministry of Foreign Affairs,grant,adaptation,energy,0.3858318
Germany / Federal Ministry of Education and Research,grant,mitigation,industry_mining,0.382726
Korea / Ministry of Foreign Affairs and Trade,grant,both,water,0.3813636
Poland / Ministry of Foreign Affairs,grant,mitigation,energy,0.37962080000000004
Japan / Other Ministries,grant,mitigation,finance_policy,0.3784758
Sweden / Ministry of Foreign Affairs,grant,adaptation,buildings,0.377248
Spain / Comunidad Valenciana,grant,adaptation,buildings,0.37692
Ireland / Department of Foreign Affairs,grant,mitigation,agriculture_land_use,0.37631780000000004
UNDP,grant,adaptation,water,0.37529320000000005
United States / Trade and Development Agency,grant,adaptation,health,0.374956
David and Lucile Packard Foundation / David & Lucile Packard Foundation,grant,both,finance_policy,0.37458100000000005
Norway / Ministry of Foreign Affairs,grant,both,education,0.372103
Laudes Foundation,grant,both,finance_policy,0.37017999999999995
WTO - International Trade Centre / VC unearmarked,grant,mitigation,finance_policy,0.37
WTO - International Trade Centre / VC unearmarked,grant,mitigation,industry_mining,0.369996
"Slovenia / Ministry of the Environment, Climate and Energy",grant,both,energy,0.36979700000000004
Spain / Comunidad Valenciana,grant,adaptation,water,0.36706560000000005
Food and Agriculture Organisation / Core resources - developmental,grant,adaptation,finance_policy,0.3669506
Canada / Provincial Governments and municipalities,grant,adaptation,energy,0.3666784
Spain / Comunidad Autónoma de Galicia,grant,both,water,0.366187
"United Kingdom / Department for Business, Innovation and Skills",grant,mitigation,agriculture_land_use,0.36592080000000005
Korea / Ministry of Strategy and Finance,grant,mitigation,industry_mining,0.363242
Korea / Korea International Cooperation Agency,grant,mitigation,agriculture_land_use,0.36190880000000003
Belgium / Directorate General for Co-operation and Development,grant,adaptation,finance_policy,0.3606688
UN Economic and Social Commission for Western Asia / ESCWA - United Nations Economic and Social Commission for Western Asia,grant,adaptation,water,0.358137
Australia / Australian Government,grant,adaptation,energy,0.35810800000000004
Spain / Comunidad Autónoma de Extremadura,grant,both,other,0.35580480000000003
Spain / Comunidad Valenciana,grant,mitigation,water,0.3556752
United Kingdom / Department for Environment Food and Rural Affairs,grant,both,industry_mining,0.353811
Food and Agriculture Organisation / Core resources - developmental,grant,both,energy,0.353304
Luxembourg / Ministry of Foreign and European Affairs,grant,adaptation,education,0.3529032000000001
France / Ministry of Foreign Affairs,grant,mitigation,education,0.3524786
Italy / Earmarked fiscal flows to religious organisations,grant,adaptation,transport,0.351832
William and Flora Hewlett Foundation / William & Flora Hewlett Foundation,grant,both,industry_mining,0.350001
Ford Foundation,grant,mitigation,agriculture_land_use,0.35
David and Lucile Packard Foundation / David & Lucile Packard Foundation,grant,adaptation,agriculture_land_use,0.35
Germany / Free State of Bavaria,grant,adaptation,other,0.34990400000000005
Poland / Ministry of Foreign Affairs,grant,both,agriculture_land_use,0.3464372
Germany / Free State of Bavaria,grant,both,health,0.3460204
Spain / Municipalities,grant,mitigation,buildings,0.3458094
Asian Development Bank,equity,mitigation,industry_mining,0.34578082
Portugal / Camões-Institute for Cooperation and Language,grant,both,buildings,0.3453224
Sweden / Ministry of Foreign Affairs,grant,adaptation,water,0.344696
Italy / Earmarked fiscal flows to NGOs & religious organisations,grant,both,education,0.3411268
Food and Agriculture Organisation / Core resources - developmental,grant,both,industry_mining,0.3410182
UBS Optimus Foundation,grant,both,agriculture_land_use,0.33815480000000003
Estonia / Other Ministries,grant,mitigation,water,0.338066
United Kingdom / UK-India Tech Start-up Fund,equity,both,industry_mining,0.33568400000000004
Spain / Comunidad Autónoma de Galicia,grant,mitigation,agriculture_land_use,0.33528220000000003
Italy / Local administration - Regions and autonomous provinces,grant,both,water,0.3345112
"Japan / Ministry of Agriculture, Forestry and Fisheries",grant,mitigation,agriculture_land_use,0.3327216
Italy / Earmarked fiscal flows to NGOs & religious organisations,grant,mitigation,agriculture_land_use,0.331868
Korea / Ministry of Strategy and Finance,grant,both,transport,0.32947600000000005
United Kingdom / Scottish Government,grant,adaptation,water,0.328583
German Postcode Lottery,grant,adaptation,agriculture_land_use,0.3270684
Slovenia / Ministry of Finance,grant,both,energy,0.3245786
Austria / Austrian Development Agency,grant,both,industry_mining,0.324465
UNFPA,grant,adaptation,health,0.324396
Austria / Federal Chancellery,grant,adaptation,transport,0.3243944
Spain / Ministry of Foreign Affairs and Co-operation,grant,mitigation,energy,0.3243944
Italy / Earmarked fiscal flows to religious organisations,grant,adaptation,agriculture_land_use,0.32173640000000003
Japan / Ministry of Foreign Affairs,grant,mitigation,buildings,0.32000120000000004
Italy / Earmarked fiscal flows to religious organisations,grant,adaptation,water,0.3193076
Norway / Norwegian Agency for Development Co-operation,grant,adaptation,health,0.3176732
Qatar / Qatar Fund for Development,grant,both,energy,0.31128
New Zealand / Ministry of Foreign Affairs and Trade,grant,adaptation,energy,0.30984480000000003
"Germany / Federal Ministry for the Enviroment, Nature Conservation, Nuclear Safety and Consumer Protection",grant,adaptation,other,0.3089924
Spain / Ministry of Foreign Affairs and Co-operation,grant,mitigation,other,0.30876060000000005
"Ireland / Department of Agriculture, Food and the Marine",grant,adaptation,agriculture_land_use,0.3079584
Poland / Ministry of Foreign Affairs,grant,both,education,0.307398
Czechia / Czech Development Agency,grant,both,other,0.3063748
Japan / Other Ministries,grant,both,finance_policy,0.306037
Czechia / Czech Development Agency,grant,both,buildings,0.3056976
France / COOP DECENTRAL/MAE,grant,both,buildings,0.3052132
Portugal / Camões-Institute for Cooperation and Language,grant,both,finance_policy,0.30490340000000005
United Kingdom / Conflict stability and security fund,grant,both,finance_policy,0.3042876
"France / Ministry of Education, Higher education and Research",grant,adaptation,agriculture_land_use,0.303915
Food and Agriculture Organisation / Core resources - developmental,grant,adaptation,water,0.3031064
Sweden / SwedFund,grant,mitigation,other,0.3027924
Austria / Austrian Development Agency,grant,mitigation,transport,0.30073180000000005
Ford Foundation,grant,both,energy,0.30000000000000004
Asian Development Bank,grant,mitigation,water,0.30000000000000004
Central Emergency Response Fund / Under Funded,grant,adaptation,health,0.30000000000000004
Asian Development Bank,grant,mitigation,education,0.3
Fondation Botnar / Botnar Foundation,equity,mitigation,transport,0.3
Oak Foundation,grant,adaptation,education,0.3
Korea / Ministry of Foreign Affairs and Trade,grant,adaptation,finance_policy,0.3
Sweden / Swedish International Development Authority,grant,both,buildings,0.2997618
Portugal / Camões-Institute for Cooperation and Language,grant,both,water,0.2995428
"United Kingdom / Department for Business, Innovation and Skills",grant,both,transport,0.2989166
Germany / Land North Rhine-Westphalia,grant,both,waste,0.29757240000000007
Portugal / Camões-Institute for Cooperation and Language,grant,both,agriculture_land_use,0.2974518
Ireland / Miscellaneous,grant,adaptation,transport,0.297426
United Kingdom / Scottish Government,grant,both,finance_policy,0.29658300000000004
Canada / International Development Research Centre,grant,both,other,0.29614840000000003
UNICEF,grant,adaptation,other,0.2928
Canada / Environment and Climate Change Canada,grant,adaptation,industry_mining,0.29197080000000003
Belgium / Directorate General for Co-operation and Development,grant,mitigation,education,0.29041760000000005
UBS Optimus Foundation,grant,mitigation,agriculture_land_use,0.2903272
Japan / Other Ministries,grant,mitigation,other,0.2899804
Spain / Comunidad Autónoma de Galicia,grant,both,agriculture_land_use,0.2881712
Qatar / Qatar Fund for Development,grant,both,agriculture_land_use,0.288
Spain / Comunidad Autónoma de Cataluña,grant,mitigation,other,0.2842228
Portugal / Camões-Institute for Cooperation and Language,grant,adaptation,finance_policy,0.2830574
Slovak Republic / Slovak Agency for International Deve (SAMRS),grant,both,water,0.2830496
Czechia / Czech Development Agency,grant,mitigation,agriculture_land_use,0.281812
"United Kingdom / Department for Business, Innovation and Skills",grant,adaptation,agriculture_land_use,0.2817236
Italy / Agenzia italiana per la cooperazione allo sviluppo,grant,adaptation,buildings,0.2804224
Ford Foundation,grant,both,other,0.28
Belgium / Directorate General for Co-operation and Development,grant,mitigation,agriculture_land_use,0.2774068
Portugal / Camões-Institute for Cooperation and Language,grant,both,other,0.2773226
"United Kingdom / Department for Business, Innovation and Skills",grant,adaptation,finance_policy,0.2771132
Germany / Federal Foreign Office,grant,adaptation,energy,0.27621640000000003
Portugal / Camões-Institute for Cooperation and Language,grant,adaptation,transport,0.274943
Slovak Republic / Slovak Agency for International Deve (SAMRS),grant,mitigation,energy,0.2735826
Spain / Ministry of the Environment and Rural and Marine Environs,grant,both,education,0.27332
France / Ministry of Foreign Affairs,grant,mitigation,finance_policy,0.2729762
Italy / Ministry of Foreign Affairs and International Cooperation,grant,mitigation,energy,0.27293500000000004
Korea / Ministry of Strategy and Finance,grant,adaptation,buildings,0.2709
Monaco / Government of Monaco,grant,mitigation,finance_policy,0.270387
Luxembourg / Ministry of Foreign and European Affairs,grant,both,education,0.269952
Czechia / Czech Development Agency,grant,adaptation,agriculture_land_use,0.2693436
Switzerland / Cantons and municipalities,grant,mitigation,agriculture_land_use,0.268631
Italy / Central administration,grant,mitigation,agriculture_land_use,0.2681664
Czechia / Ministry of Foreign Affairs,grant,both,energy,0.2675988
Swedish Postcode Lottery,grant,adaptation,water,0.26596
France / Ministry of Foreign Affairs,grant,mitigation,water,0.264603
"Japan / Ministry of Agriculture, Forestry and Fisheries",grant,adaptation,buildings,0.2635256
Norway / Norwegian Agency for Exchange Cooperation,grant,mitigation,energy,0.262882
Sweden / Miscellaneous,grant,mitigation,energy,0.2626504
"United Kingdom / Department for Business, Innovation and Skills",grant,adaptation,buildings,0.2612608
"Germany / Federal Ministry for the Enviroment, Nature Conservation, Nuclear Safety and Consumer Protection",grant,both,buildings,0.2595716
Spain / Comunidad Foral de Navarra,grant,both,water,0.2595156
Spain / Comunidad Autónoma de las Illes Balears,grant,mitigation,other,0.2595152
Spain / Comunidad Foral de Navarra,grant,mitigation,other,0.2595076
Germany / Federal Ministry of Food and Agriculture,grant,adaptation,energy,0.259116
France / Ministry of Foreign Affairs,grant,both,energy,0.2589364
Poland / Ministry of Foreign Affairs,grant,adaptation,transport,0.2588454
France / COOP DECENTRAL/MAE,grant,mitigation,other,0.25714420000000004
Spain / Comunidad de Castilla y León,grant,both,agriculture_land_use,0.2568844
Czechia / Ministry of Foreign Affairs,grant,adaptation,water,0.25661900000000004
Germany / Federal Ministry of Education and Research,grant,adaptation,health,0.2566
Spain / Comunidad Autónoma de Galicia,grant,mitigation,other,0.2554866
Canada / Provincial Governments and municipalities,grant,mitigation,water,0.255445
UBS Optimus Foundation,grant,adaptation,agriculture_land_use,0.253944
Portugal / Camões-Institute for Cooperation and Language,grant,both,transport,0.2537778
Italy / Agenzia italiana per la cooperazione allo sviluppo,grant,both,education,0.2530748
Czechia / Ministry of Interior,grant,adaptation,other,0.2526696
Spain / Municipalities,grant,adaptation,water,0.2526146
Canada / Provincial Governments and municipalities,grant,adaptation,finance_policy,0.25006300000000004
Global Environment Facility / Special Climate Change Trust Fund (SCCF),grant,adaptation,finance_policy,0.25
Joint Sustainable Development Goals Fund,grant,adaptation,industry_mining,0.25
Fondation Botnar / Botnar Foundation,equity,mitigation,other,0.25
Joint Sustainable Development Goals Fund,grant,adaptation,transport,0.249999
Joint Sustainable Development Goals Fund,grant,adaptation,buildings,0.249919
Portugal / Portuguese Government,grant,mitigation,energy,0.249104
Austria / Austrian Development Agency,grant,mitigation,buildings,0.248493
Spain / Comunidad Autónoma de Cataluña,grant,both,water,0.248324
Germany / Free State of Bavaria,grant,mitigation,education,0.24512040000000002
Canada / Environment and Climate Change Canada,grant,mitigation,waste,0.243918
France / IRD,grant,both,other,0.24268499999999998
Portugal / Camões-Institute for Cooperation and Language,grant,both,health,0.241296
Monaco / Government of Monaco,grant,adaptation,agriculture_land_use,0.237898
Slovak Republic / Slovak Agency for International Deve (SAMRS),grant,adaptation,agriculture_land_use,0.23585099999999998
Spain / Spanish Agency for International Development Co-operation,grant,both,energy,0.235445
Gates Foundation / Bill & Melinda Gates Foundation,grant,both,finance_policy,0.235
Germany / Federal Ministry of Health,grant,both,health,0.230769
Switzerland / Federal Administration (various departments),grant,mitigation,other,0.230547
Sweden / SwedFund,grant,mitigation,water,0.22709440000000003
Germany / Land Baden-Württemberg,grant,both,education,0.2265638
Slovenia / Ministry of Foreign and European Affairs,grant,both,agriculture_land_use,0.2263612
"Slovenia / Ministry of the Environment, Climate and Energy",grant,mitigation,water,0.2251848
Asian Development Bank,other,adaptation,education,0.225
Germany / Free State of Bavaria,grant,both,water,0.22369840000000002
Luxembourg / Ministry of Foreign and European Affairs,grant,mitigation,transport,0.22227360000000002
Italy / Local administration - Regions and autonomous provinces,grant,adaptation,water,0.222216
Italy / Ministry of Foreign Affairs and International Cooperation,grant,mitigation,other,0.22136560000000002
United States / Department of Agriculture,grant,mitigation,energy,0.221201
William and Flora Hewlett Foundation / William & Flora Hewlett Foundation,grant,both,other,0.22
Portugal / Camões-Institute for Cooperation and Language,grant,mitigation,energy,0.218341
Norway / Norwegian Agency for Exchange Cooperation,grant,mitigation,finance_policy,0.217418
France / MIN/EQUIPEMENT,grant,both,transport,0.21630960000000002
Austria / Austrian Development Bank,grant,mitigation,energy,0.216263
Spain / Comunidad Autónoma de las Illes Balears,grant,both,transport,0.216263
Spain / Ministry of the Environment and Rural and Marine Environs,grant,mitigation,finance_policy,0.216262
Laudes Foundation,grant,mitigation,agriculture_land_use,0.216262
Germany / Land Schleswig-Holstein,grant,mitigation,energy,0.2154692
Ford Foundation,grant,mitigation,transport,0.21500000000000002
"Slovenia / Ministry of the Environment, Climate and Energy",grant,both,agriculture_land_use,0.21488200000000002
France / Miscellaneous,grant,mitigation,agriculture_land_use,0.21258680000000002
Spain / Public Universities,grant,mitigation,education,0.21219620000000003
Spain / Comunidad Autónoma de Extremadura,grant,both,agriculture_land_use,0.2118804
"United Kingdom / Department for Business, Innovation and Skills",grant,both,buildings,0.2116912
France / COOP DECENTRAL/MAE,grant,adaptation,finance_policy,0.21146500000000001
Slovenia / Ministry of Finance,grant,both,finance_policy,0.210856
Belgium / Flanders Official Regional Ministries,grant,both,finance_policy,0.210194
Spain / Municipalities,grant,both,transport,0.2100196
William and Flora Hewlett Foundation / William & Flora Hewlett Foundation,grant,mitigation,buildings,0.2100004
Germany / Land North Rhine-Westphalia,grant,both,energy,0.208822
Ford Foundation,grant,adaptation,education,0.20800000000000002
Switzerland / Federal Administration (various departments),grant,adaptation,other,0.20745680000000002
Spain / Municipalities,grant,adaptation,agriculture_land_use,0.20663800000000002
Netherlands / Ministry of Foreign Affairs of the Netherlands,grant,mitigation,health,0.206241
Food and Agriculture Organisation / Core resources - developmental,grant,both,education,0.20595960000000002
Ireland / Department of Foreign Affairs,grant,mitigation,finance_policy,0.2055828
Austria / Various ministries,grant,adaptation,energy,0.2054944
Monaco / Government of Monaco,grant,both,other,0.205494
Estonia / Other Ministries,grant,both,agriculture_land_use,0.205494
Spain / Municipalities,grant,both,health,0.205164
Asian Development Bank,other,adaptation,water,0.205
Asian Development Bank,other,adaptation,energy,0.205
UBS Optimus Foundation,grant,mitigation,finance_policy,0.204953
United States / African Development Foundation,grant,mitigation,energy,0.204534
France / Ministry of Foreign Affairs,grant,adaptation,agriculture_land_use,0.2040246
Liechtenstein / Ministry of Foreign Affairs,grant,adaptation,other,0.20392559999999998
Hungary / Ministry of Foreign Affairs and Trade,grant,adaptation,transport,0.2038216
Switzerland / Federal Office for the Environment,grant,mitigation,other,0.20349
United Kingdom / Conflict stability and security fund,grant,mitigation,education,0.203388
Liechtenstein / Ministry of Foreign Affairs,grant,adaptation,buildings,0.203191
Slovenia / Ministry of Finance,grant,both,other,0.2022344
Spain / Public Universities,grant,both,education,0.2011578
Spain / Comunidad Autónoma de Galicia,grant,both,buildings,0.200087
John D. and Catherine T. MacArthur Foundation / John & Catherine MacArthur Foundation,grant,adaptation,finance_policy,0.2
William and Flora Hewlett Foundation / William & Flora Hewlett Foundation,grant,adaptation,other,0.2
Czechia / Ministry of Foreign Affairs,grant,adaptation,buildings,0.1995404
Monaco / Government of Monaco,grant,adaptation,other,0.1990016
Iceland / Ministry of Finance,grant,both,other,0.19849840000000002
Spain / Comunidad Foral de Navarra,grant,mitigation,water,0.198488
Food and Agriculture Organisation / Core resources - developmental,grant,mitigation,finance_policy,0.1984688
Australia / Australian Government,grant,mitigation,water,0.1981152
Czechia / Ministry of Foreign Affairs,grant,adaptation,finance_policy,0.197744
Germany / Land Brandenburg,grant,adaptation,buildings,0.1968
Spain / Ministry of the Environment and Rural and Marine Environs,grant,both,water,0.19679920000000004
Germany / Free State of Saxony,grant,adaptation,other,0.19463640000000001
Spain / Comunidad Autónoma de Cataluña,grant,both,education,0.19457560000000002
Food and Agriculture Organisation / Core resources - developmental,grant,mitigation,water,0.194483
Spain / Comunidad Valenciana,grant,mitigation,health,0.1940204
Iceland / Ministry of Foreign Affairs,grant,adaptation,energy,0.1937848
Czechia / Ministry of Foreign Affairs,grant,both,agriculture_land_use,0.193783
Slovenia / Ministry of Foreign and European Affairs,grant,both,energy,0.19247720000000001
Czechia / Ministry of Foreign Affairs,grant,mitigation,finance_policy,0.19232480000000002
United States / Agency for International Development,grant,both,buildings,0.19109280000000003
Germany / Land Baden-Württemberg,grant,adaptation,other,0.19078520000000002
Spain / Municipalities,grant,both,buildings,0.19076920000000003
France / Ministry of Agriculture,grant,mitigation,agriculture_land_use,0.19034839999999997
France / COOP DECENTRAL/MAE,grant,adaptation,transport,0.1902394
Margaret A. Cargill Foundation,grant,adaptation,agriculture_land_use,0.19
Spain / Comunidad Valenciana,grant,adaptation,agriculture_land_use,0.189558
Spain / Municipalities,grant,mitigation,transport,0.189448
Sweden / Ministry of Foreign Affairs,grant,adaptation,other,0.1892452
Austria / Austrian Development Bank,grant,mitigation,transport,0.18923600000000002
Belgium / Flanders Official Regional Ministries,grant,mitigation,transport,0.189212
Sweden / Swedish International Development Authority,grant,mitigation,education,0.188624
France / MIN/EQUIPEMENT,grant,adaptation,transport,0.18770560000000003
"United Kingdom / Department for Culture, Media and Sports",grant,both,transport,0.186397
Germany / Federal Foreign Office,grant,adaptation,industry_mining,0.18603180000000002
Canada / Provincial Governments and municipalities,grant,adaptation,other,0.18582379999999998
Central Emergency Response Fund / Rapid Response,grant,adaptation,health,0.1856
David and Lucile Packard Foundation / David & Lucile Packard Foundation,grant,mitigation,finance_policy,0.185
Spain / Public Universities,grant,both,transport,0.184241
Korea / Ministry of Strategy and Finance,grant,mitigation,finance_policy,0.1840324
Monaco / Government of Monaco,grant,adaptation,health,0.1838368
Slovenia / Ministry of Foreign and European Affairs,grant,both,other,0.1828288
Switzerland / State Secretariat for Economic Affairs,grant,both,education,0.1808052
Spain / Comunidad Foral de Navarra,grant,mitigation,buildings,0.1800508
Ford Foundation,grant,adaptation,health,0.18000000000000002
UBS Optimus Foundation,grant,adaptation,finance_policy,0.18
United States / State Department,grant,adaptation,buildings,0.17757
Spain / Comunidad de Madrid,grant,both,agriculture_land_use,0.1772926
Switzerland / Cantons and municipalities,grant,both,energy,0.17465540000000002
Spain / Comunidad Autónoma de Extremadura,grant,mitigation,energy,0.17372880000000002
Spain / Comunidad Autónoma de Cantabria,grant,mitigation,health,0.17345280000000002
United Kingdom / Conflict stability and security fund,grant,both,other,0.173269
Estonia / Other Ministries,grant,adaptation,agriculture_land_use,0.173048
Lithuania / Ministry of Finance,grant,both,other,0.1730292
"Ireland / Department of Agriculture, Food and the Marine",grant,both,agriculture_land_use,0.1730104
France / French Development Agency,grant,mitigation,agriculture_land_use,0.1730104
Italy / Ministry of Foreign Affairs and International Cooperation,grant,both,other,0.1720836
Spain / Comunidad Valenciana,grant,mitigation,energy,0.17084
Norway / Norwegian Agency for Exchange Cooperation,grant,mitigation,agriculture_land_use,0.170685
Switzerland / Federal Office for the Environment,grant,mitigation,finance_policy,0.17067120000000002
Swedish Postcode Lottery,grant,adaptation,transport,0.17032080000000002
France / COOP DECENTRAL/MAE,grant,adaptation,education,0.1672366
Portugal / Camões-Institute for Cooperation and Language,grant,mitigation,agriculture_land_use,0.166466
"United Kingdom / Department for Business, Innovation and Skills",grant,adaptation,education,0.1638936
Portugal / Portuguese Government,grant,both,other,0.1635292
Switzerland / Cantons and municipalities,grant,both,water,0.1633396
United Kingdom / Department for Environment Food and Rural Affairs,grant,mitigation,health,0.16285080000000002
"United Kingdom / Department for Business, Innovation and Skills",grant,mitigation,other,0.1626174
"France / Ministry of Economy, Finance and Industry",grant,both,finance_policy,0.16223240000000003
Czechia / Czech Development Agency,grant,adaptation,other,0.16157280000000002
Czechia / Czech Development Agency,grant,both,education,0.16153800000000001
Spain / Comunidad Autónoma de Cataluña,grant,both,buildings,0.1604672
David and Lucile Packard Foundation / David & Lucile Packard Foundation,grant,both,other,0.16000000000000003
David and Lucile Packard Foundation / David & Lucile Packard Foundation,grant,both,agriculture_land_use,0.16000000000000003
Korea / Miscellaneous,grant,mitigation,agriculture_land_use,0.158706
Spain / Municipalities,grant,mitigation,energy,0.1581706
Italy / Earmarked fiscal flows to NGOs & religious organisations,grant,adaptation,education,0.158149
Norway / Norwegian Agency for Exchange Cooperation,grant,adaptation,other,0.157758
Germany / Land North Rhine-Westphalia,grant,adaptation,health,0.1576544
Czechia / Czech Development Agency,grant,adaptation,buildings,0.157053
Spain / Comunidad Autónoma de Cataluña,grant,mitigation,transport,0.15698120000000002
Spain / Municipalities,grant,mitigation,finance_policy,0.1564616
"Germany / Federal Ministry for the Enviroment, Nature Conservation, Nuclear Safety and Consumer Protection",grant,adaptation,finance_policy,0.15582900000000002
Italy / Ministry of Foreign Affairs and International Cooperation,grant,both,education,0.15536680000000003
France / COOP DECENTRAL/MAE,grant,mitigation,transport,0.154931
Poland / Ministry of Foreign Affairs,grant,mitigation,other,0.1533324
"United Kingdom / Department for Culture, Media and Sports",grant,mitigation,other,0.1527164
Switzerland / Cantons and municipalities,grant,adaptation,education,0.1519084
Czechia / Ministry of Foreign Affairs,grant,both,transport,0.15052200000000002
Ireland / Department of Foreign Affairs,grant,both,water,0.150331
Czechia / Ministry of Foreign Affairs,grant,both,water,0.15025940000000002
Switzerland / Cantons and municipalities,grant,both,education,0.1500188
Spain / Municipalities,grant,mitigation,education,0.1495768
Germany / Free State of Bavaria,grant,adaptation,health,0.14836520000000003
Poland / Ministry of Interior and Administration,grant,adaptation,other,0.1477938
"Austria / Provincial governments, local communities",grant,adaptation,energy,0.1473704
Poland / Ministry of Foreign Affairs,grant,both,water,0.146102
Korea / Ministry of Strategy and Finance,grant,adaptation,water,0.14455320000000002
"Austria / Provincial governments, local communities",grant,adaptation,agriculture_land_use,0.14436680000000002
Canada / FinDev Canada,equity,mitigation,agriculture_land_use,0.14366240000000002
Germany / Land Baden-Württemberg,grant,both,agriculture_land_use,0.143357
Poland / Ministry of Interior and Administration,grant,adaptation,buildings,0.1416708
Swedish Postcode Lottery,grant,adaptation,education,0.141461
Germany / Free State of Bavaria,grant,both,transport,0.1412436
Czechia / Czech Development Agency,grant,both,finance_policy,0.1411262
German Postcode Lottery,grant,adaptation,education,0.1405776
Germany / Federal Ministry for Digital and Transport,grant,both,energy,0.140571
United States / State Department,grant,mitigation,water,0.1403822
Italy / Public universities and research institutes and Italian red cross,grant,both,education,0.13912080000000002
Switzerland / Swiss Agency for Development and Co-operation,grant,adaptation,energy,0.1385576
Germany / Free State of Bavaria,grant,adaptation,water,0.1384664
France / Ministry of Foreign Affairs,grant,adaptation,water,0.1384318
Portugal / Portuguese Government,grant,both,buildings,0.1378676
UBS Optimus Foundation,grant,both,buildings,0.136926
David and Lucile Packard Foundation / David & Lucile Packard Foundation,grant,mitigation,agriculture_land_use,0.13584
Spain / Municipalities,grant,both,industry_mining,0.1355152
Spain / Comunidad Autónoma de las Illes Balears,grant,both,buildings,0.135164
United States / Department of Agriculture,grant,mitigation,transport,0.134834
UNDP,grant,adaptation,industry_mining,0.1347104
Belgium / Directorate General for Co-operation and Development,grant,adaptation,industry_mining,0.13310560000000002
Monaco / Government of Monaco,grant,adaptation,finance_policy,0.132463
Swedish Postcode Lottery,grant,adaptation,health,0.1320368
Spain / Comunidad Autónoma de Galicia,grant,mitigation,water,0.13193960000000002
Spain / Comunidad Autónoma de las Illes Balears,grant,both,other,0.130994
France / Proparco,equity,both,agriculture_land_use,0.1306512
Italy / Public universities and research institutes and Italian red cross,grant,adaptation,other,0.1305194
Germany / Free State of Bavaria,grant,both,other,0.1301492
Monaco / Government of Monaco,grant,adaptation,buildings,0.1297716
Italy / Ministry of Foreign Affairs and International Cooperation,grant,both,energy,0.1297576
"United Kingdom / Department for Business, Innovation and Skills",grant,mitigation,health,0.129552
France / MINEFI/NATEXIS,grant,adaptation,buildings,0.12955000000000003
United Kingdom / Department for Environment Food and Rural Affairs,grant,adaptation,industry_mining,0.129132
Italy / Earmarked fiscal flows to NGOs & religious organisations,grant,adaptation,agriculture_land_use,0.1288744
Canada / International Development Research Centre,grant,both,buildings,0.1288318
Switzerland / Federal Office for the Environment,grant,adaptation,water,0.1282888
Belgium / Directorate General for Co-operation and Development,grant,mitigation,finance_policy,0.1281196
Italy / Earmarked fiscal flows to religious organisations,grant,mitigation,water,0.127604
Italy / Local administration - Unspecified,grant,both,agriculture_land_use,0.1269934
Italy / Earmarked fiscal flows to NGOs & religious organisations,grant,adaptation,buildings,0.1263892
"Slovenia / Ministry of the Economy, Tourism and Sport",grant,both,other,0.1262556
German Postcode Lottery,grant,mitigation,water,0.126244
Portugal / Camões-Institute for Cooperation and Language,grant,adaptation,water,0.1248764
Laudes Foundation,grant,adaptation,finance_policy,0.1243876
Estonia / Other Ministries,grant,mitigation,finance_policy,0.124351
Slovenia / Miscellaneous,grant,adaptation,water,0.12249480000000001
Japan / Ministry of Foreign Affairs,grant,mitigation,education,0.1222064
France / IRD,grant,both,agriculture_land_use,0.12127099999999999
German Postcode Lottery,grant,both,other,0.12110760000000001
Spain / Comunidad Autónoma de Cantabria,grant,adaptation,other,0.12110660000000001
"United Kingdom / Department for Culture, Media and Sports",grant,adaptation,transport,0.12096640000000002
United States / State Department,grant,mitigation,health,0.120965
Portugal / Portuguese Government,grant,adaptation,buildings,0.120593
Spain / Public Universities,grant,mitigation,energy,0.1189238
Finland / Ministry of Foreign Affairs,grant,both,buildings,0.1184576
Canada / Miscellaneous,grant,both,energy,0.118357
Switzerland / Swiss Agency for Development and Co-operation,grant,mitigation,agriculture_land_use,0.11822
Sweden / Miscellaneous,grant,mitigation,buildings,0.1180232
Italy / Local administration - Unspecified,grant,adaptation,education,0.1167502
United Kingdom / Conflict stability and security fund,grant,mitigation,water,0.1161152
France / COOP DECENTRAL/MAE,grant,mitigation,energy,0.115644
Italy / Earmarked fiscal flows to religious organisations,grant,adaptation,education,0.11519560000000001
Germany / Federal Ministry of Food and Agriculture,grant,adaptation,other,0.1151796
Slovak Republic / Slovak Agency for International Deve (SAMRS),grant,adaptation,energy,0.11474379999999999
Czechia / Ministry of Environment,grant,adaptation,other,0.11421800000000001
Italy / Earmarked fiscal flows to religious organisations,grant,mitigation,energy,0.1132012
Sweden / Ministry of Foreign Affairs,grant,both,buildings,0.11317440000000001
Italy / Local administration - Unspecified,grant,adaptation,health,0.1128898
Spain / Comunidad de Castilla y León,grant,mitigation,water,0.1123256
Türkiye / Miscellaneous,grant,mitigation,energy,0.110646
Finland / Ministry of Foreign Affairs,grant,adaptation,industry_mining,0.11059959999999999
Estonia / Other Public Sector Institutions,grant,both,transport,0.110318
Italy / Earmarked fiscal flows to NGOs & religious organisations,grant,both,other,0.11007739999999999
Spain / Public Universities,grant,both,agriculture_land_use,0.1099536
Food and Agriculture Organisation / Core resources - developmental,grant,adaptation,energy,0.109592
Czechia / Ministry of Foreign Affairs,grant,mitigation,water,0.1093092
United States / Environmental Protection Agency,grant,mitigation,education,0.108819
France / COOP DECENTRAL/MAE,grant,adaptation,health,0.10833240000000001
"France / Ministry of Economy, Finance and Industry",grant,mitigation,finance_policy,0.1081548
Slovak Republic / Slovak Agency for International Deve (SAMRS),grant,adaptation,other,0.1081548
Slovak Republic / Slovak Agency for International Deve (SAMRS),grant,mitigation,transport,0.1081316
"France / Ministry of Education, Higher education and Research",grant,both,agriculture_land_use,0.1081316
"Germany / Federal Ministry for the Enviroment, Nature Conservation, Nuclear Safety and Consumer Protection",grant,both,health,0.1081316
Germany / Federal Foreign Office,grant,both,education,0.108131
Portugal / Portuguese Government,grant,both,finance_policy,0.107591
Spain / Municipalities,grant,both,finance_policy,0.107411
"United Kingdom / Department for Culture, Media and Sports",grant,mitigation,energy,0.107358
Finland / Ministry of Foreign Affairs,grant,both,health,0.10689560000000001
Spain / Public Universities,grant,mitigation,transport,0.1062434
Italy / Ministry of Foreign Affairs and International Cooperation,grant,both,buildings,0.10598479999999999
Czechia / Czech Development Agency,grant,adaptation,energy,0.1059052
German Postcode Lottery,grant,both,education,0.1058608
Estonia / Other Public Sector Institutions,grant,both,industry_mining,0.10380600000000001
Hungary / Ministry of Foreign Affairs and Trade,grant,both,water,0.1036092
Canada / Provincial Governments and municipalities,grant,adaptation,industry_mining,0.10319120000000001
Italy / Public universities and research institutes and Italian red cross,grant,adaptation,water,0.103145
Italy / Local administration - Regions and autonomous provinces,grant,adaptation,transport,0.102902
"United Kingdom / Department for Business, Innovation and Skills",grant,both,health,0.10287
Spain / Public Universities,grant,mitigation,other,0.1023064
Germany / Free and Hanseatic City of Hamburg,grant,both,water,0.1021996
Norway / Norwegian Agency for Exchange Cooperation,grant,both,finance_policy,0.10203000000000001
Norway / Ministry of Foreign Affairs,grant,mitigation,education,0.10148200000000002
Germany / Free and Hanseatic City of Hamburg,grant,mitigation,water,0.1014292
"Austria / Provincial governments, local communities",grant,adaptation,other,0.10099000000000001
Hungary / Miscellaneous,grant,both,transport,0.10090640000000001
Italy / Ministry of Environment and Energy Security,grant,both,water,0.100314
Spain / Comunidad Autónoma de Galicia,grant,both,other,0.100022
Ford Foundation,grant,both,transport,0.1
United States / Department of Commerce,grant,adaptation,transport,0.1
United States / Environmental Protection Agency,grant,mitigation,energy,0.1
"United Kingdom / Department for Business, Innovation and Skills",grant,mitigation,finance_policy,0.09952520000000001
"Austria / Provincial governments, local communities",grant,mitigation,water,0.0994092
Latvia / Ministry of Foreign Affairs,grant,mitigation,agriculture_land_use,0.098698
France / COOP DECENTRAL/MAE,grant,both,industry_mining,0.0980936
Arab Fund (AFESD) / Arab Fund,grant,both,transport,0.09781840000000001
"Germany / Federal Ministry for the Enviroment, Nature Conservation, Nuclear Safety and Consumer Protection",grant,both,water,0.0977712
Norway / Ministry of Foreign Affairs,grant,both,other,0.0975716
Spain / Municipalities,grant,mitigation,health,0.0972614
Italy / Earmarked fiscal flows to NGOs & religious organisations,grant,adaptation,transport,0.0965848
Norway / Norwegian Agency for Exchange Cooperation,grant,adaptation,education,0.09565839999999999
Italy / Ministry of Foreign Affairs and International Cooperation,grant,both,industry_mining,0.09517640000000001
Switzerland / Swiss Agency for Development and Co-operation,grant,mitigation,waste,0.0950472
Italy / Earmarked fiscal flows to NGOs & religious organisations,grant,mitigation,education,0.094765
Sweden / Ministry of Foreign Affairs,grant,mitigation,energy,0.094623
Austria / Austrian Development Agency,grant,adaptation,education,0.0935016
Germany / Land Hesse,grant,adaptation,other,0.0934012
Portugal / Portuguese Government,grant,adaptation,transport,0.0933512
Italy / Public universities and research institutes and Italian red cross,grant,both,water,0.0931728
"Austria / FM of Education, Science and Research",grant,adaptation,agriculture_land_use,0.09248619999999999
"France / Ministry of Economy, Finance and Industry",grant,mitigation,buildings,0.092344
Slovak Republic / Slovak Agency for International Deve (SAMRS),grant,adaptation,transport,0.0920326
International Labour Organisation / Regular Budget Supplementary Account,grant,adaptation,other,0.09178040000000001
International Labour Organisation / Regular Budget Technical Cooperation,grant,mitigation,transport,0.09099560000000001
Spain / Comunidad de Castilla y León,grant,mitigation,buildings,0.0908304
Luxembourg / Ministry of Foreign and European Affairs,grant,mitigation,other,0.0907824
"Germany / Federal Ministry for the Enviroment, Nature Conservation, Nuclear Safety and Consumer Protection",grant,mitigation,water,0.08987240000000002
United Nations Conference on Trade and Development / United Nations Conference on Trade and Development - Regular budget,grant,both,transport,0.0898192
Italy / Public universities and research institutes and Italian red cross,grant,mitigation,energy,0.08972740000000001
Germany / Land North Rhine-Westphalia,grant,adaptation,transport,0.088126
Germany / Federal Ministry for Economic Affairs and Climate Action,grant,adaptation,education,0.0879
Japan / Japanese International Co-operation Agency,grant,mitigation,industry_mining,0.08789060000000001
UN Economic and Social Commission for Western Asia / ESCWA - United Nations Economic and Social Commission for Western Asia,grant,both,finance_policy,0.0876128
Canada / Provincial Governments and municipalities,grant,adaptation,transport,0.08759120000000001
Czechia / Ministry of Foreign Affairs,grant,mitigation,buildings,0.087253
Italy / Local administration - Regions and autonomous provinces,grant,both,agriculture_land_use,0.086869
Private Infrastructure Development Group / GAP,grant,adaptation,transport,0.0868
Laudes Foundation,grant,both,water,0.0865244
Monaco / Government of Monaco,grant,both,transport,0.086524
Italy / Ministry of Environment and Energy Security,grant,mitigation,other,0.086524
Spain / Compañía Española de Financiación del Desarrollo,debt,adaptation,agriculture_land_use,0.086524
Ireland / Miscellaneous,grant,both,finance_policy,0.0865052
France / MIN/EQUIPEMENT,grant,both,health,0.0865052
France / Ministry of Foreign Affairs,grant,both,industry_mining,0.086477
Germany / Federal Ministry of Education and Research,grant,both,energy,0.08645760000000001
Laudes Foundation,grant,both,energy,0.08614720000000001
Italy / Ministry of Foreign Affairs and International Cooperation,grant,mitigation,industry_mining,0.08609040000000001
World Tourism Organisation / UNWTO-Regular Budget,grant,mitigation,finance_policy,0.085356
Switzerland / Federal Administration (various departments),grant,both,other,0.08512
Spain / Public Universities,grant,mitigation,agriculture_land_use,0.08505420000000001
Ford Foundation,grant,both,finance_policy,0.085
Spain / Comunidad Autónoma de La Rioja,grant,mitigation,other,0.0843884
Food and Agriculture Organisation / Core resources - developmental,grant,adaptation,health,0.0842616
Food and Agriculture Organisation / Core resources - developmental,grant,mitigation,health,0.08385920000000001
Germany / Federal Ministry of Food and Agriculture,grant,both,education,0.0836784
Italy / Ministry of Foreign Affairs and International Cooperation,grant,adaptation,buildings,0.083512
Poland / Ministry of Climate and Environment,grant,both,education,0.08325
Spain / Comunidad Autónoma de La Rioja,grant,adaptation,water,0.08300880000000001
Poland / Ministry of Interior and Administration,grant,adaptation,transport,0.08255000000000001
Spain / Spanish Agency for International Development Co-operation,grant,adaptation,health,0.08218
Wellcome Trust,grant,adaptation,buildings,0.0815784
Spain / Comunidad Autónoma de Castilla-La Mancha,grant,adaptation,agriculture_land_use,0.081116
Spain / Comunidad Autónoma de Galicia,grant,adaptation,agriculture_land_use,0.081116
Germany / Free and Hanseatic City of Hamburg,grant,adaptation,water,0.081116
Spain / Comunidad Autónoma de Cataluña,grant,adaptation,finance_policy,0.08102
Finland / Ministry of Foreign Affairs,grant,both,water,0.08017160000000001
Spain / Comunidad Autónoma de Galicia,grant,mitigation,energy,0.08001760000000001
Spain / Comunidad Autónoma de Galicia,grant,both,transport,0.08001760000000001
Spain / Comunidad Autónoma de Galicia,grant,mitigation,buildings,0.08001760000000001
Open Society Foundations,grant,adaptation,agriculture_land_use,0.08000000000000002
Gates Foundation / Bill & Melinda Gates Foundation,grant,adaptation,industry_mining,0.079592
Germany / Free State of Bavaria,grant,mitigation,other,0.07953080000000001
Liechtenstein / Ministry of Foreign Affairs,grant,mitigation,transport,0.07950040000000001
Italy / Local administration - Unspecified,grant,both,energy,0.0788628
Italy / Earmarked fiscal flows to religious organisations,grant,adaptation,buildings,0.0784712
Australia / Australian Government,grant,mitigation,agriculture_land_use,0.0784576
Hungary / Ministry of Foreign Affairs and Trade,grant,both,agriculture_land_use,0.078415
Italy / Local administration - Unspecified,grant,both,transport,0.0783612
Poland / Ministry of Foreign Affairs,grant,mitigation,education,0.07786520000000001
Estonia / Other Ministries,grant,both,buildings,0.0778548
Wellcome Trust,grant,adaptation,transport,0.0777708
Germany / Land North Rhine-Westphalia,grant,adaptation,energy,0.0776476
Spain / Ministry of Public Works,grant,mitigation,transport,0.0774504
"Slovenia / Ministry of the Economy, Tourism and Sport",grant,both,transport,0.0773004
Korea / Miscellaneous,grant,mitigation,finance_policy,0.0765692
Germany / Federal Ministry for Digital and Transport,grant,adaptation,other,0.075916
Spain / Public Universities,grant,adaptation,health,0.07569200000000001
Belgium / Flanders Official Regional Ministries,grant,both,education,0.075692
Norway / NORFUND,grant,adaptation,agriculture_land_use,0.07552320000000001
United States / Department of Agriculture,grant,adaptation,transport,0.075
United States / Department of Agriculture,grant,mitigation,buildings,0.074993
Portugal / Camões-Institute for Cooperation and Language,grant,mitigation,other,0.0746196
International Labour Organisation / Regular Budget Supplementary Account,grant,mitigation,finance_policy,0.0745548
Germany / Land Berlin,grant,both,other,0.074404
Italy / Local administration - Regions and autonomous provinces,grant,both,other,0.074117
Spain / Comunidad Autónoma de las Illes Balears,grant,mitigation,education,0.07395040000000001
Food and Agriculture Organisation / Core resources - developmental,grant,both,health,0.0738432
Germany / Land North Rhine-Westphalia,grant,both,transport,0.0737572
Poland / Miscellaneous,grant,both,energy,0.0736968
"Austria / FM of Education, Science and Research",grant,adaptation,transport,0.073546
France / IRD,grant,both,health,0.07348460000000001
International Labour Organisation / Regular Budget Supplementary Account,grant,mitigation,transport,0.0730828
Finland / Finnish Government,grant,mitigation,finance_policy,0.07299900000000001
"Austria / Provincial governments, local communities",grant,mitigation,agriculture_land_use,0.07251160000000001
Luxembourg / Ministry of Foreign and European Affairs,grant,mitigation,education,0.07219320000000001
Italy / Earmarked fiscal flows to NGOs & religious organisations,grant,both,health,0.071367
Germany / Free State of Bavaria,grant,adaptation,finance_policy,0.0711908
France / MIN/EQUIPEMENT,grant,mitigation,transport,0.0704216
Czechia / Czech Development Agency,grant,mitigation,education,0.070322
Poland / Ministry of Foreign Affairs,grant,mitigation,industry_mining,0.07016520000000001
"Germany / Federal Ministry for the Enviroment, Nature Conservation, Nuclear Safety and Consumer Protection",grant,mitigation,industry_mining,0.070044
International Labour Organisation / Regular Budget Supplementary Account,grant,adaptation,buildings,0.0694264
Spain / Comunidad de Castilla y León,grant,adaptation,education,0.0680944
"Germany / Federal Ministry for the Enviroment, Nature Conservation, Nuclear Safety and Consumer Protection",grant,mitigation,agriculture_land_use,0.06802720000000001
France / Ministry of Foreign Affairs,grant,adaptation,health,0.0678896
WTO - International Trade Centre / VC unearmarked,grant,mitigation,agriculture_land_use,0.067048
Spain / Comunidad de Castilla y León,grant,mitigation,agriculture_land_use,0.0669796
Spain / Public Universities,grant,both,energy,0.0666482
Spain / Comunidad de Castilla y León,grant,both,other,0.06651359999999999
Spain / Municipalities,grant,both,education,0.0664324
Luxembourg / Ministry of Foreign and European Affairs,grant,both,buildings,0.0659816
Spain / Ministry of the Environment and Rural and Marine Environs,grant,both,transport,0.06563560000000002
Switzerland / Cantons and municipalities,grant,adaptation,energy,0.0653628
Italy / Local administration - Regions and autonomous provinces,grant,both,energy,0.065351
Italy / Public universities and research institutes and Italian red cross,grant,adaptation,health,0.06495600000000001
United States / Department of Agriculture,grant,adaptation,other,0.064892
Ireland / Department of Foreign Affairs,grant,mitigation,water,0.064886
Italy / Ministry of Environment and Energy Security,grant,adaptation,agriculture_land_use,0.06487920000000001
Spain / Municipalities,grant,mitigation,waste,0.0648788
Ireland / Department of Foreign Affairs,grant,mitigation,transport,0.0648788
Spain / Comunidad Autónoma de Extremadura,grant,mitigation,education,0.0648784
Slovenia / Ministry of Foreign and European Affairs,grant,mitigation,other,0.0648132
Latvia / Ministry of Foreign Affairs,grant,both,finance_policy,0.064769
Japan / Ministry of Foreign Affairs,grant,adaptation,waste,0.0645504
Lithuania / Ministry of Foreign Affairs,grant,both,finance_policy,0.0641902
United Kingdom / Department for Environment Food and Rural Affairs,grant,mitigation,agriculture_land_use,0.06388160000000001
Norway / NORFUND,equity,both,water,0.0636968
Italy / Earmarked fiscal flows to religious organisations,grant,adaptation,energy,0.0635232
Korea / Ministry of Strategy and Finance,grant,both,industry_mining,0.06341200000000001
Italy / Local administration - Unspecified,grant,both,water,0.0631902
United Nations Conference on Trade and Development / United Nations Conference on Trade and Development - Regular budget,grant,both,finance_policy,0.06310120000000001
France / Ministry of Agriculture,grant,both,agriculture_land_use,0.062838
Slovenia / Ministry of Foreign and European Affairs,grant,both,water,0.0627164
Slovenia / Ministry of Foreign and European Affairs,grant,mitigation,transport,0.0627164
Switzerland / Cantons and municipalities,grant,adaptation,transport,0.062417
Korea / Ministry of Strategy and Finance,grant,both,energy,0.0615472
Korea / Ministry of Strategy and Finance,grant,both,agriculture_land_use,0.0615472
United Nations Conference on Trade and Development / United Nations Conference on Trade and Development - Regular budget,grant,both,industry_mining,0.06096200000000001
Switzerland / Cantons and municipalities,grant,mitigation,water,0.06023780000000001
Spain / Comunidad de Castilla y León,grant,mitigation,other,0.059939200000000005
Food and Agriculture Organisation / Core resources - developmental,grant,mitigation,energy,0.059680800000000006
UN Economic and Social Commission for Western Asia / ESCWA - United Nations Economic and Social Commission for Western Asia,grant,adaptation,waste,0.059423
Norway / NORFUND,grant,both,transport,0.059038400000000005
United Kingdom / Conflict stability and security fund,grant,adaptation,transport,0.05872000000000001
Spain / Spanish Agency for International Development Co-operation,grant,mitigation,industry_mining,0.058538400000000004
Portugal / Camões-Institute for Cooperation and Language,grant,adaptation,buildings,0.058406000000000007
Spain / Spanish Agency for International Development Co-operation,grant,both,health,0.0578592
Food and Agriculture Organisation / Core resources - developmental,grant,adaptation,industry_mining,0.05754440000000001
Finland / Ministry of Foreign Affairs,grant,mitigation,education,0.057478800000000004
Latvia / Ministry of Foreign Affairs,grant,adaptation,finance_policy,0.05709
France / Interdepartmental,grant,adaptation,health,0.056252
Italy / Central administration,grant,mitigation,finance_policy,0.055472400000000005
Switzerland / Federal Office for the Environment,grant,both,finance_policy,0.055092
Norway / NORFUND,grant,adaptation,water,0.055043600000000005
Switzerland / Cantons and municipalities,grant,both,finance_policy,0.0545144
"Slovenia / Ministry of the Economy, Tourism and Sport",grant,both,energy,0.05438880000000001
Australia / Australian Government,grant,mitigation,buildings,0.054314
Spain / Public Universities,grant,both,other,0.0542242
United Kingdom / British International Investment,equity,mitigation,transport,0.054209
France / COOP DECENTRAL/MAE,grant,mitigation,agriculture_land_use,0.054124
Monaco / Government of Monaco,grant,both,finance_policy,0.054077
"France / Ministry of Economy, Finance and Industry",grant,both,industry_mining,0.054077
Italy / Central administration,grant,adaptation,other,0.054077
Estonia / Ministry of Foreign Affairs,grant,mitigation,other,0.054066
Spain / Comunidad de Castilla y León,grant,both,transport,0.054065999999999996
Spain / Comunidad Autónoma de las Illes Balears,grant,mitigation,agriculture_land_use,0.054065600000000005
Spain / Comunidad Autónoma de las Illes Balears,grant,both,agriculture_land_use,0.05406520000000001
Spain / Comunidad Autónoma de las Illes Balears,grant,both,water,0.0540196
Germany / Free State of Bavaria,grant,mitigation,transport,0.053958
Finland / Ministry of Foreign Affairs,grant,both,energy,0.0535572
Finland / Ministry of Foreign Affairs,grant,mitigation,water,0.0532284
Finland / Ministry of Foreign Affairs,grant,both,education,0.0531164
Spain / Public Universities,grant,mitigation,finance_policy,0.052756000000000004
Italy / Earmarked fiscal flows to NGOs & religious organisations,grant,mitigation,water,0.0527504
Japan / Japanese International Co-operation Agency,grant,both,education,0.0523736
Slovenia / Miscellaneous,grant,both,transport,0.05210200000000001
"Austria / Provincial governments, local communities",grant,mitigation,other,0.05209160000000001
Czechia / Czech Development Agency,grant,mitigation,other,0.0520492
Germany / Federal Ministry of Food and Agriculture,grant,both,other,0.051914400000000006
Estonia / Other Public Sector Institutions,grant,both,buildings,0.051903
Italy / Local administration - Regions and autonomous provinces,grant,adaptation,buildings,0.0518952
Finland / Ministry of Foreign Affairs,grant,both,industry_mining,0.0517984
France / Ministry of Foreign Affairs,grant,mitigation,transport,0.051273
Germany / Land North Rhine-Westphalia,grant,mitigation,transport,0.0512716
Switzerland / Cantons and municipalities,grant,adaptation,health,0.05105200000000001
Germany / Land Berlin,grant,both,energy,0.0508256
Spain / Public Universities,grant,adaptation,industry_mining,0.0506056
Spain / Comunidad Autónoma de Cantabria,grant,both,water,0.050422
Canada / Provincial Governments and municipalities,grant,adaptation,water,0.050076
United States / Department of Commerce,grant,adaptation,other,0.05
"United Kingdom / Department for Business, Innovation and Skills",grant,both,water,0.0493502
Italy / Local administration - Regions and autonomous provinces,grant,adaptation,agriculture_land_use,0.049302200000000004
Sweden / Swedish Civil Contingencies Agency,grant,adaptation,buildings,0.049180800000000004
Austria / Austrian Development Agency,grant,both,education,0.0487284
"Austria / Provincial governments, local communities",grant,both,other,0.048333999999999995
Switzerland / Swiss Agency for Development and Co-operation,grant,both,health,0.0477
Germany / Land Lower-Saxony,grant,both,agriculture_land_use,0.0474648
Germany / Land Lower-Saxony,grant,both,education,0.047291400000000004
Czechia / Ministry of Foreign Affairs,grant,both,finance_policy,0.0470384
France / COOP DECENTRAL/MAE,grant,both,health,0.047025
Spain / Comunidad Autónoma de Cantabria,grant,both,agriculture_land_use,0.046974
Poland / Miscellaneous,grant,mitigation,energy,0.046092400000000006
Italy / Public universities and research institutes and Italian red cross,grant,both,finance_policy,0.0460228
Japan / Ministry of Foreign Affairs,grant,both,buildings,0.045740800000000005
German Postcode Lottery,grant,both,energy,0.045424400000000004
Ireland / Department of Foreign Affairs,grant,adaptation,industry_mining,0.0453188
France / COOP DECENTRAL/MAE,grant,mitigation,education,0.0450412
Estonia / Other Ministries,grant,mitigation,education,0.0449828
Czechia / Ministry of Foreign Affairs,grant,adaptation,agriculture_land_use,0.04467840000000001
Fondation Botnar / Botnar Foundation,grant,both,education,0.0444996
Finland / Ministry of Foreign Affairs,grant,mitigation,agriculture_land_use,0.044405
International Labour Organisation / Regular Budget Supplementary Account,grant,mitigation,other,0.0443744
Spain / Comunidad Autónoma de Aragón,grant,adaptation,water,0.044343
Japan / Ministry of Foreign Affairs,grant,mitigation,finance_policy,0.04428520000000001
Liechtenstein / Ministry of Foreign Affairs,grant,adaptation,energy,0.044112000000000005
Sweden / Miscellaneous,grant,mitigation,industry_mining,0.0435264
Czechia / Ministry of Industry and Trade,grant,mitigation,energy,0.043337
France / COOP DECENTRAL/MAE,grant,adaptation,buildings,0.043272
Spain / Public Universities,grant,adaptation,other,0.043262
Italy / Ministry of Environment and Energy Security,grant,mitigation,finance_policy,0.043262
Slovak Republic / Slovak Agency for International Deve (SAMRS),grant,both,finance_policy,0.043262
Slovak Republic / Slovak Agency for International Deve (SAMRS),grant,both,buildings,0.043262
Estonia / Local Authorites,grant,both,transport,0.043262
France / MIN/SANTE,grant,mitigation,industry_mining,0.043262
Spain / Comunidad Autónoma de Andalucía,grant,both,transport,0.0432524
Spain / Comunidad de Madrid,grant,mitigation,agriculture_land_use,0.0432524
Spain / Comunidad de Madrid,grant,adaptation,water,0.0432524
Italy / Agenzia italiana per la cooperazione allo sviluppo,grant,mitigation,industry_mining,0.0432524
Spain / Comunidad Autónoma de Extremadura,grant,mitigation,other,0.0432524
Spain / Comunidad de Madrid,grant,both,education,0.0432524
Japan / Japanese International Co-operation Agency,grant,mitigation,education,0.043092
Spain / Comunidad Foral de Navarra,grant,mitigation,energy,0.0430884
Qatar / Qatar University,grant,mitigation,agriculture_land_use,0.04304720000000001
Spain / Comunidad Autónoma de Cantabria,grant,adaptation,water,0.0430388
Germany / Free State of Bavaria,grant,adaptation,industry_mining,0.0428896
Italy / Agenzia italiana per la cooperazione allo sviluppo,grant,mitigation,health,0.042820000000000004
Austria / Austrian Development Agency,grant,mitigation,water,0.0427812
Italy / Earmarked fiscal flows to NGOs & religious organisations,grant,both,water,0.042288
Austria / Federal Ministry for European and International Affairs,grant,mitigation,energy,0.042136
"Austria / FM of Education, Science and Research",grant,adaptation,water,0.0418334
Latvia / Other ministries and institutions,grant,mitigation,energy,0.041459600000000006
"Austria / FM of Education, Science and Research",grant,mitigation,energy,0.041068
New Zealand / Ministry of Foreign Affairs and Trade,grant,mitigation,transport,0.0408668
Italy / Earmarked fiscal flows to NGOs & religious organisations,grant,both,energy,0.0405432
Germany / Free Hanseatic City of Bremen,grant,adaptation,water,0.040466800000000004
France / Proparco,grant,mitigation,agriculture_land_use,0.040388
Estonia / Other Public Sector Institutions,grant,both,other,0.0402336
"Germany / Federal Ministry for the Enviroment, Nature Conservation, Nuclear Safety and Consumer Protection",grant,mitigation,other,0.0401168
"United Kingdom / Foreign, Commonwealth and Development Office",grant,mitigation,health,0.0400596
United States / Millennium Challenge Corporation,grant,adaptation,transport,0.04000000000000001
David and Lucile Packard Foundation / David & Lucile Packard Foundation,grant,mitigation,buildings,0.04000000000000001
Open Society Foundations,grant,adaptation,water,0.04000000000000001
David and Lucile Packard Foundation / David & Lucile Packard Foundation,grant,mitigation,water,0.04000000000000001
Open Society Foundations,grant,adaptation,buildings,0.04000000000000001
Spain / Comunidad Autónoma de Galicia,grant,mitigation,education,0.03995080000000001
Food and Agriculture Organisation / Core resources - developmental,grant,mitigation,buildings,0.0395336
France / COOP DECENTRAL/MAE,grant,adaptation,energy,0.03942
Austria / Austrian Development Bank,grant,mitigation,other,0.0389356
Germany / Federal Foreign Office,grant,adaptation,agriculture_land_use,0.038812
Germany / Land North Rhine-Westphalia,grant,mitigation,education,0.038676
Italy / Local administration - Regions and autonomous provinces,grant,mitigation,other,0.0385032
"Austria / FM of Education, Science and Research",grant,both,other,0.038390999999999995
"Austria / Provincial governments, local communities",grant,both,water,0.0378604
"Germany / Federal Ministry for the Enviroment, Nature Conservation, Nuclear Safety and Consumer Protection",grant,mitigation,education,0.0377488
Sweden / Ministry of Foreign Affairs,grant,mitigation,transport,0.0377248
Spain / Comunidad de Castilla y León,grant,both,health,0.0376296
Italy / Local administration - Regions and autonomous provinces,grant,both,education,0.0375846
Italy / Local administration - Regions and autonomous provinces,grant,adaptation,energy,0.037421600000000006
Italy / Public universities and research institutes and Italian red cross,grant,adaptation,buildings,0.0371992
Food and Agriculture Organisation / Core resources - developmental,grant,mitigation,industry_mining,0.0369216
Spain / Public Universities,grant,mitigation,water,0.0367882
Thailand / Ministry of Foreign Affairs,grant,mitigation,energy,0.036529
France / Ministry of Foreign Affairs,grant,both,buildings,0.036338800000000004
"United Kingdom / Department for Business, Innovation and Skills",grant,mitigation,education,0.0363254
Ford Foundation,grant,adaptation,transport,0.036000000000000004
Slovak Republic / Slovak Agency for International Deve (SAMRS),grant,adaptation,water,0.035807
UN Economic and Social Commission for Western Asia / ESCWA - United Nations Economic and Social Commission for Western Asia,grant,adaptation,other,0.035794
Spain / Municipalities,grant,adaptation,transport,0.035691
"Austria / FM of Education, Science and Research",grant,adaptation,other,0.0351524
Czechia / Czech Development Agency,grant,adaptation,finance_policy,0.034718
Iceland / Ministry of Foreign Affairs,grant,adaptation,buildings,0.034436800000000004
Spain / Municipalities,grant,adaptation,energy,0.034419200000000004
Poland / Ministry of Foreign Affairs,grant,both,finance_policy,0.034034
Italy / Earmarked fiscal flows to NGOs,grant,adaptation,energy,0.033964
Germany / Land Lower-Saxony,grant,adaptation,education,0.033528
Poland / Ministry of Climate and Environment,grant,both,industry_mining,0.033392
Liechtenstein / Ministry of Foreign Affairs,grant,adaptation,education,0.0333888
UN Economic and Social Commission for Western Asia / ESCWA - United Nations Economic and Social Commission for Western Asia,grant,mitigation,energy,0.033264
"Austria / Provincial governments, local communities",grant,adaptation,water,0.0331308
Spain / Comunidad Autónoma de Cataluña,grant,mitigation,finance_policy,0.0331216
Italy / Earmarked fiscal flows to NGOs & religious organisations,grant,mitigation,buildings,0.033049600000000005
Germany / Free Hanseatic City of Bremen,grant,both,energy,0.0328792
German Postcode Lottery,grant,both,water,0.032446
"Spain / Ministry of Agriculture, Fisheries, and Food",grant,both,transport,0.032439600000000006
Spain / Ministry of the Environment and Rural and Marine Environs,grant,adaptation,water,0.032422400000000004
Liechtenstein / Ministry of Foreign Affairs,grant,both,education,0.0318
Korea / Korea International Cooperation Agency,grant,mitigation,other,0.031686
Italy / Local administration - Unspecified,grant,both,education,0.031161200000000003
Spain / Public Universities,grant,both,water,0.031161
Czechia / Czech Development Agency,grant,adaptation,health,0.030912000000000002
Estonia / Other Ministries,grant,mitigation,agriculture_land_use,0.0307092
Italy / Ministry of Foreign Affairs and International Cooperation,grant,mitigation,transport,0.0306188
International Labour Organisation / Regular Budget Supplementary Account,grant,adaptation,industry_mining,0.0305708
"Austria / Federal Ministry of Climate Action, Environment, Energy, Mobility, Innovation and Technology",grant,mitigation,transport,0.0302832
German Postcode Lottery,grant,adaptation,buildings,0.030283
Spain / Comunidad Autónoma de Castilla-La Mancha,grant,both,energy,0.0301404
Switzerland / Cantons and municipalities,grant,mitigation,energy,0.0300502
Austria / Austrian Development Agency,grant,mitigation,education,0.0298508
Canada / Provincial Governments and municipalities,grant,both,agriculture_land_use,0.029646
Switzerland / Cantons and municipalities,grant,both,buildings,0.029603400000000002
Spain / Comunidad de Madrid,grant,both,other,0.0295496
Canada / Miscellaneous,grant,adaptation,health,0.029364800000000003
UNICEF,grant,adaptation,finance_policy,0.0292
Italy / Public universities and research institutes and Italian red cross,grant,adaptation,finance_policy,0.029010800000000003
Germany / Free and Hanseatic City of Hamburg,grant,mitigation,waste,0.02898
Portugal / Camões-Institute for Cooperation and Language,grant,both,industry_mining,0.0286468
Spain / Municipalities,grant,both,waste,0.028620400000000004
Finland / Ministry of Foreign Affairs,grant,mitigation,health,0.028592400000000004
Italy / Public universities and research institutes and Italian red cross,grant,both,industry_mining,0.0285012
Poland / Ministry of Foreign Affairs,grant,both,industry_mining,0.028446
UN Economic and Social Commission for Western Asia / ESCWA - United Nations Economic and Social Commission for Western Asia,grant,both,transport,0.028395
German Postcode Lottery,grant,adaptation,other,0.0283676
Germany / Land Baden-Württemberg,grant,adaptation,water,0.028180000000000004
Hungary / Ministry of Foreign Affairs and Trade,grant,both,transport,0.0277424
Italy / Local administration - Regions and autonomous provinces,grant,mitigation,transport,0.027306
Italy / Local administration - Regions and autonomous provinces,grant,adaptation,health,0.0271852
"Austria / FM of Education, Science and Research",grant,both,buildings,0.027033
Czechia / Ministry of Foreign Affairs,grant,both,industry_mining,0.026606000000000005
Norway / NORFUND,grant,both,education,0.0264404
UN Economic and Social Commission for Western Asia / ESCWA - United Nations Economic and Social Commission for Western Asia,grant,both,energy,0.026106
Slovenia / Miscellaneous,grant,both,energy,0.025957200000000003
Spain / Comunidad Autónoma de las Illes Balears,grant,adaptation,other,0.025951600000000005
Spain / Ministry of the Environment and Rural and Marine Environs,grant,both,energy,0.025951600000000005
Spain / Comunidad Autónoma de la Región de Murcia,grant,both,education,0.025951200000000004
Slovak Republic / Slovak Agency for International Deve (SAMRS),grant,both,education,0.025948
Italy / Local administration - Unspecified,grant,mitigation,agriculture_land_use,0.025935200000000005
Spain / Comunidad Autónoma de las Illes Balears,grant,both,energy,0.025929999999999998
Spain / Municipalities,grant,adaptation,other,0.0259106
Italy / Local administration - Unspecified,grant,adaptation,water,0.025857200000000004
Ireland / Department of Foreign Affairs,grant,mitigation,buildings,0.025696800000000002
Spain / Public Universities,grant,both,industry_mining,0.025653000000000002
UBS Optimus Foundation,grant,both,transport,0.0255024
Germany / Free and Hanseatic City of Hamburg,grant,both,energy,0.0254206
Switzerland / Federal Office for the Environment,grant,mitigation,buildings,0.025375599999999998
Spain / Public Universities,grant,both,health,0.0253362
Czechia / Czech Development Agency,grant,mitigation,finance_policy,0.025235
Ireland / Department of Foreign Affairs,grant,mitigation,industry_mining,0.025146800000000004
Italy / Ministry of Environment and Energy Security,grant,both,agriculture_land_use,0.025078
UN Economic and Social Commission for Western Asia / ESCWA - United Nations Economic and Social Commission for Western Asia,grant,adaptation,finance_policy,0.024923
Germany / Land North Rhine-Westphalia,grant,adaptation,water,0.024484
Poland / Ministry of Interior and Administration,grant,mitigation,other,0.024311200000000005
Poland / Ministry of Interior and Administration,grant,mitigation,finance_policy,0.024311200000000005
UNDP,grant,adaptation,education,0.024287
Latvia / Ministry of Foreign Affairs,grant,adaptation,water,0.024006
Poland / Ministry of Foreign Affairs,grant,adaptation,other,0.0239944
Spain / Ministry of the Environment and Rural and Marine Environs,grant,mitigation,water,0.0237888
Poland / Ministry of Foreign Affairs,grant,mitigation,agriculture_land_use,0.023388400000000004
Germany / Land Berlin,grant,adaptation,buildings,0.0231644
Switzerland / Cantons and municipalities,grant,mitigation,other,0.022904400000000002
Croatia / Ministry of Foreign and European Affairs,grant,both,other,0.0228284
Czechia / Czech Development Agency,grant,mitigation,waste,0.0225132
France / COOP DECENTRAL/MAE,grant,adaptation,industry_mining,0.0223492
International Labour Organisation / Regular Budget Supplementary Account,grant,mitigation,energy,0.022206
Slovenia / Miscellaneous,grant,both,agriculture_land_use,0.022008800000000002
"Spain / Ministry of Agriculture, Fisheries, and Food",grant,mitigation,agriculture_land_use,0.021843
"Germany / Federal Ministry for the Enviroment, Nature Conservation, Nuclear Safety and Consumer Protection",grant,adaptation,education,0.021739
Germany / Free State of Bavaria,grant,mitigation,water,0.0216304
Spain / Comunidad de Castilla y León,grant,adaptation,transport,0.021626400000000004
Latvia / Ministry of Foreign Affairs,grant,adaptation,other,0.021626400000000004
Estonia / Other Public Sector Institutions,grant,mitigation,transport,0.021626400000000004
Spain / Comunidad Autónoma del País Vasco o de Euskadi,grant,mitigation,transport,0.021626400000000004
Latvia / Ministry of Foreign Affairs,grant,both,energy,0.021626400000000004
"France / Ministry of Education, Higher education and Research",grant,both,transport,0.021626
Italy / Local administration - Unspecified,grant,adaptation,agriculture_land_use,0.021619
Germany / Free State of Bavaria,grant,mitigation,industry_mining,0.0216176
Portugal / Camões-Institute for Cooperation and Language,other,both,transport,0.021587
Laudes Foundation,grant,mitigation,energy,0.021537600000000004
UN Economic and Social Commission for Western Asia / ESCWA - United Nations Economic and Social Commission for Western Asia,grant,both,water,0.021298
"Austria / FM of Education, Science and Research",grant,adaptation,education,0.020982
Spain / Comunidad de Castilla y León,grant,adaptation,health,0.0209776
Italy / Ministry of Foreign Affairs and International Cooperation,grant,both,agriculture_land_use,0.0205772
Hungary / Ministry of Energy,grant,both,buildings,0.020547
Spain / Comunidad Autónoma de Cataluña,grant,adaptation,agriculture_land_use,0.020395
Germany / Land Lower-Saxony,grant,adaptation,water,0.0203732
Van Leer Foundation / Bernard van Leer Foundation,grant,both,finance_policy,0.020291600000000003
"Austria / Provincial governments, local communities",grant,mitigation,health,0.020290000000000002
Canada / International Development Research Centre,grant,mitigation,other,0.0202044
Spain / Public Universities,grant,mitigation,industry_mining,0.0201196
Netherlands / Ministry of Foreign Affairs of the Netherlands,grant,adaptation,energy,0.0200308
Ford Foundation,grant,adaptation,buildings,0.020000000000000004
Austria / Austrian Development Agency,grant,mitigation,agriculture_land_use,0.019974400000000003
Germany / Free State of Bavaria,grant,adaptation,buildings,0.0199256
"United Kingdom / Department for Business, Innovation and Skills",grant,both,industry_mining,0.019888000000000003
"Germany / Federal Ministry for the Enviroment, Nature Conservation, Nuclear Safety and Consumer Protection",grant,adaptation,agriculture_land_use,0.0196516
Austria / Austrian Development Agency,grant,adaptation,health,0.019576800000000002
"Austria / FM of Education, Science and Research",grant,both,education,0.019468
Spain / Municipalities,grant,adaptation,health,0.019468
Spain / Comunidad Autónoma de Cantabria,grant,mitigation,education,0.0193584
Spain / Comunidad de Castilla y León,grant,adaptation,agriculture_land_use,0.0192504
Luxembourg / Ministry of Foreign and European Affairs,grant,adaptation,transport,0.0192016
Germany / Free and Hanseatic City of Hamburg,grant,adaptation,education,0.0189032
UNICEF,grant,mitigation,other,0.0188
"United Kingdom / Department for Business, Innovation and Skills",grant,both,waste,0.0187812
Italy / Local administration - Unspecified,grant,mitigation,energy,0.018772
Korea / Miscellaneous,grant,adaptation,transport,0.0184816
Italy / Public universities and research institutes and Italian red cross,grant,both,other,0.018378400000000003
Estonia / Ministry of Foreign Affairs,grant,both,water,0.0181704
Portugal / Portuguese Government,grant,mitigation,finance_policy,0.0179536
Estonia / Other Public Sector Institutions,grant,mitigation,energy,0.0177336
Germany / Federal Foreign Office,grant,both,other,0.017602800000000002
Asian Development Bank,other,both,agriculture_land_use,0.0175
Czechia / Czech Development Agency,grant,mitigation,transport,0.0174888
Italy / Local administration - Municipalities and metropolitan cities,grant,both,transport,0.017304800000000002
Austria / Austrian Development Bank,grant,both,education,0.017304800000000002
Estonia / Other Public Sector Institutions,grant,adaptation,education,0.0173028
Japan / Japanese International Co-operation Agency,grant,mitigation,health,0.016636400000000003
David and Lucile Packard Foundation / David & Lucile Packard Foundation,grant,both,health,0.0166
Germany / Land Lower-Saxony,grant,both,other,0.016580800000000003
Italy / Local administration - Unspecified,grant,both,health,0.016580400000000002
Italy / Local administration - Regions and autonomous provinces,grant,adaptation,other,0.0165642
Czechia / Ministry of Foreign Affairs,grant,mitigation,agriculture_land_use,0.0162364
Luxembourg / Ministry of Foreign and European Affairs,grant,mitigation,finance_policy,0.015844
Lithuania / Ministry of Foreign Affairs,grant,mitigation,other,0.015672
Germany / Federal Foreign Office,grant,mitigation,finance_policy,0.0156088
Germany / Free State of Bavaria,grant,adaptation,energy,0.015589200000000001
Germany / Land Lower-Saxony,grant,mitigation,education,0.015579200000000001
Qatar / Qatar University,grant,mitigation,energy,0.015476800000000002
France / COOP DECENTRAL/MAE,grant,mitigation,industry_mining,0.0152796
Italy / Public universities and research institutes and Italian red cross,grant,both,transport,0.015177200000000002
Spain / Public Universities,grant,both,buildings,0.0151664
La Caixa Banking Foundation,grant,mitigation,energy,0.0151416
Germany / Free State of Saxony,grant,mitigation,education,0.0151416
Lithuania / Ministry of Foreign Affairs,grant,both,other,0.015138400000000002
Austria / Austrian Development Bank,grant,both,finance_policy,0.015138
Italy / Local administration - Municipalities and metropolitan cities,grant,mitigation,water,0.014882800000000002
Canada / Miscellaneous,grant,mitigation,health,0.0148224
Germany / Free and Hanseatic City of Hamburg,grant,mitigation,agriculture_land_use,0.01449
France / COOP DECENTRAL/MAE,grant,mitigation,health,0.0144068
"Austria / FM of Education, Science and Research",grant,both,energy,0.0143624
Spain / Public Universities,grant,adaptation,water,0.0142746
Spain / Public Universities,grant,adaptation,agriculture_land_use,0.014038000000000002
Romania / ROAID,grant,both,other,0.0139168
France / MIN/EQUIPEMENT,grant,both,other,0.0136456
Italy / Earmarked fiscal flows to NGOs & religious organisations,grant,adaptation,other,0.0136164
Iceland / Ministry of Foreign Affairs,grant,both,industry_mining,0.013532800000000001
United Kingdom / UK-India Tech Start-up Fund,grant,both,finance_policy,0.013078000000000001
Germany / Federal Ministry of Education and Research,grant,mitigation,other,0.0130744
Italy / Local administration - Regions and autonomous provinces,grant,both,health,0.013067600000000002
Laudes Foundation,grant,adaptation,education,0.012978400000000001
German Postcode Lottery,grant,adaptation,waste,0.012978400000000001
German Postcode Lottery,grant,mitigation,agriculture_land_use,0.012978400000000001
Italy / Local administration - Unspecified,grant,mitigation,other,0.012976
Germany / Free State of Bavaria,grant,adaptation,transport,0.012975600000000002
Germany / Federal Ministry for Digital and Transport,grant,both,finance_policy,0.012975600000000002
Spain / Comunidad Autónoma de la Región de Murcia,grant,both,other,0.012975600000000002
Luxembourg / Ministry of Foreign and European Affairs,grant,adaptation,finance_policy,0.012830800000000002
Switzerland / Cantons and municipalities,grant,both,transport,0.0126292
Norway / NORFUND,grant,both,buildings,0.012623599999999999
"Thailand / Ministry of Higher Education, Science, Research and Innovation",grant,mitigation,energy,0.012558
Japan / Prefectures,grant,both,water,0.01216
Sweden / Miscellaneous,grant,mitigation,other,0.0121116
Germany / Free State of Bavaria,grant,both,buildings,0.0119348
Japan / Prefectures,grant,both,education,0.011802
Japan / Prefectures,grant,both,finance_policy,0.011802
Canada / Provincial Governments and municipalities,grant,adaptation,education,0.011754800000000001
Italy / Local administration - Regions and autonomous provinces,grant,adaptation,education,0.011702
Italy / Local administration - Unspecified,grant,both,waste,0.0116154
Poland / Ministry of Foreign Affairs,grant,adaptation,education,0.0115524
Hungary / Ministry of Foreign Affairs and Trade,grant,adaptation,water,0.011323600000000001
Slovenia / Miscellaneous,grant,adaptation,other,0.0113072
Italy / Public universities and research institutes and Italian red cross,grant,mitigation,education,0.011248000000000001
Hungary / Ministry of Energy,grant,both,other,0.010868
Spain / Public Universities,grant,adaptation,education,0.010815
Slovenia / Ministry of Defence,grant,adaptation,other,0.010813200000000002
Spain / Comunidad Autónoma de Aragón,grant,mitigation,education,0.010813200000000002
Ireland / Department of Foreign Affairs,grant,both,waste,0.010813
Slovak Republic / Slovak Agency for International Deve (SAMRS),grant,both,agriculture_land_use,0.010813
Germany / Land Saarland,grant,both,agriculture_land_use,0.010799600000000001
Lithuania / Ministry of Foreign Affairs,grant,both,energy,0.0107928
Austria / Austrian Development Bank,grant,mitigation,education,0.010772400000000001
Italy / Earmarked fiscal flows to religious organisations,grant,both,water,0.010556000000000001
"Austria / FM of Education, Science and Research",grant,both,water,0.010457000000000001
Lithuania / Ministry of Foreign Affairs,grant,mitigation,buildings,0.010425200000000003
United Kingdom / Department for Environment Food and Rural Affairs,grant,mitigation,buildings,0.010352400000000001
"United Kingdom / Foreign, Commonwealth and Development Office",grant,both,waste,0.010284
Poland / Ministry of Foreign Affairs,grant,mitigation,water,0.0101572
United States / State Department,grant,mitigation,education,0.01
Germany / Land Hesse,grant,adaptation,agriculture_land_use,0.0099912
Germany / Land North Rhine-Westphalia,grant,both,education,0.009732
Italy / Local administration - Unspecified,grant,both,industry_mining,0.009725600000000001
Poland / Ministry of Foreign Affairs,grant,adaptation,energy,0.0096896
Greece / Ministry of National Defense,grant,adaptation,other,0.009680600000000001
Italy / Local administration - Regions and autonomous provinces,grant,mitigation,agriculture_land_use,0.009650400000000002
Slovak Republic / Other ministries,grant,mitigation,agriculture_land_use,0.009569
Switzerland / Cantons and municipalities,grant,both,industry_mining,0.00954
Germany / Federal Ministry of Food and Agriculture,grant,mitigation,transport,0.009489200000000001
"United Kingdom / Department for Business, Innovation and Skills",grant,adaptation,waste,0.009392000000000001
Czechia / Ministry of Interior,grant,adaptation,education,0.0093016
Switzerland / Federal Office for the Environment,grant,both,agriculture_land_use,0.009085600000000001
Italy / Central administration,grant,adaptation,education,0.009085
Croatia / Ministry of Foreign and European Affairs,grant,both,education,0.0090284
Switzerland / Cantons and municipalities,grant,mitigation,finance_policy,0.0089948
International Labour Organisation / Regular Budget Supplementary Account,grant,adaptation,finance_policy,0.0089648
Japan / Prefectures,grant,adaptation,water,0.008899200000000001
Germany / Land Lower-Saxony,grant,mitigation,other,0.0088972
"Austria / FM of Education, Science and Research",grant,mitigation,health,0.008878800000000001
Italy / Local administration - Municipalities and metropolitan cities,grant,mitigation,agriculture_land_use,0.0088468
Norway / NORFUND,grant,mitigation,agriculture_land_use,0.008694
"Austria / Provincial governments, local communities",grant,adaptation,education,0.0086504
Germany / Land Schleswig-Holstein,grant,adaptation,water,0.0086504
Japan / Prefectures,grant,adaptation,education,0.0086376
Japan / Prefectures,grant,adaptation,finance_policy,0.0086376
Czechia / Czech Development Agency,grant,mitigation,buildings,0.008612400000000001
Germany / Land Baden-Württemberg,grant,both,other,0.008566
Italy / Local administration - Regions and autonomous provinces,grant,both,transport,0.008458
Estonia / Other Ministries,grant,both,other,0.0084362
Lithuania / Ministry of Foreign Affairs,grant,mitigation,finance_policy,0.0081824
International Labour Organisation / Regular Budget Supplementary Account,grant,adaptation,transport,0.0081408
Italy / Ministry of Foreign Affairs and International Cooperation,grant,adaptation,education,0.0081216
Germany / Land North Rhine-Westphalia,grant,both,agriculture_land_use,0.007988
Italy / Ministry of Foreign Affairs and International Cooperation,grant,mitigation,buildings,0.007785600000000001
Czechia / Ministry of Foreign Affairs,grant,mitigation,transport,0.007676800000000001
Qatar / Qatar University,grant,mitigation,industry_mining,0.007664400000000001
Japan / Ordinance-designed Cities,grant,both,buildings,0.007614
France / COOP DECENTRAL/MAE,grant,mitigation,finance_policy,0.0075696
Italy / Earmarked fiscal flows to religious organisations,grant,mitigation,agriculture_land_use,0.007559
"United Kingdom / Department for Business, Innovation and Skills",grant,adaptation,industry_mining,0.007545
Lithuania / Ministry of Foreign Affairs,grant,adaptation,other,0.007518400000000001
Germany / Free and Hanseatic City of Hamburg,grant,adaptation,other,0.0074004000000000006
Belgium / Flanders Official Regional Ministries,grant,mitigation,agriculture_land_use,0.0073956
Italy / Local administration - Regions and autonomous provinces,grant,both,waste,0.0072516
Norway / Norwegian Agency for Exchange Cooperation,grant,both,energy,0.007087
"United Kingdom / Department for Business, Innovation and Skills",grant,mitigation,buildings,0.0069808000000000005
Czechia / Ministry of Foreign Affairs,grant,adaptation,industry_mining,0.006848
Italy / Earmarked fiscal flows to NGOs & religious organisations,grant,both,agriculture_land_use,0.006833
Italy / Ministry of Foreign Affairs and International Cooperation,grant,adaptation,agriculture_land_use,0.006812400000000001
Luxembourg / Ministry of Foreign and European Affairs,grant,both,health,0.0067808
Italy / Local administration - Municipalities and metropolitan cities,grant,both,other,0.0067748
Spain / Comunidad Autónoma de la Región de Murcia,grant,mitigation,agriculture_land_use,0.0066744000000000005
Italy / Earmarked fiscal flows to religious organisations,grant,mitigation,education,0.006612
Germany / Federal Foreign Office,grant,adaptation,waste,0.006536400000000001
UNECE,grant,adaptation,transport,0.006512
Lithuania / Ministry of Foreign Affairs,grant,mitigation,water,0.0064892000000000005
Spain / Comunidad Autónoma de Cataluña,grant,both,health,0.006479200000000001
"United Kingdom / Department for Business, Innovation and Skills",grant,mitigation,transport,0.006453600000000001
Germany / Land Lower-Saxony,grant,mitigation,energy,0.006436400000000001
Lithuania / Ministry of Foreign Affairs,grant,adaptation,water,0.0064316
Poland / Miscellaneous,grant,adaptation,other,0.006342
Slovak Republic / Slovak Agency for International Deve (SAMRS),grant,adaptation,buildings,0.006341
Germany / Land Schleswig-Holstein,grant,both,other,0.0063008
Lithuania / Ministry of Foreign Affairs,grant,adaptation,finance_policy,0.0061548
Italy / Local administration - Municipalities and metropolitan cities,grant,mitigation,other,0.0060704
Italy / Local administration - Unspecified,grant,both,other,0.00607
Germany / Land Lower-Saxony,grant,both,finance_policy,0.006055
Norway / Norwegian Agency for Development Co-operation,grant,adaptation,water,0.006035
Switzerland / Federal Office for the Environment,grant,both,energy,0.005986
Canada / Provincial Governments and municipalities,grant,mitigation,agriculture_land_use,0.0059292
Switzerland / State Secretariat for Economic Affairs,grant,adaptation,other,0.0059056
"Ireland / Department of Agriculture, Food and the Marine",grant,adaptation,finance_policy,0.0057316
Spain / Public Universities,grant,mitigation,buildings,0.0057004
Germany / Land Saarland,grant,adaptation,energy,0.0056956
Lithuania / Ministry of Foreign Affairs,grant,mitigation,education,0.0056628
UN Economic and Social Commission for Western Asia / ESCWA - United Nations Economic and Social Commission for Western Asia,grant,adaptation,energy,0.005642
"Austria / Provincial governments, local communities",grant,mitigation,buildings,0.0056240000000000005
United Kingdom / UK-India Tech Start-up Fund,grant,both,industry_mining,0.0056048
Germany / Free and Hanseatic City of Hamburg,grant,mitigation,education,0.0054932
Germany / Land Lower-Saxony,grant,both,waste,0.0054512
"Austria / FM of Education, Science and Research",grant,both,agriculture_land_use,0.0054112000000000006
Estonia / Ministry of Foreign Affairs,grant,mitigation,agriculture_land_use,0.005408
Latvia / Ministry of Foreign Affairs,grant,adaptation,agriculture_land_use,0.005393
Norway / Norwegian Agency for Exchange Cooperation,grant,mitigation,education,0.005386
Spain / Public Universities,grant,adaptation,finance_policy,0.005298
Germany / Land Lower-Saxony,grant,both,energy,0.0052044000000000005
Finland / FinnFund,equity,mitigation,energy,0.0051904
Belgium / Flanders Official Regional Ministries,grant,both,energy,0.0051904
Hungary / Ministry of Foreign Affairs and Trade,grant,mitigation,finance_policy,0.0050996
Germany / Land North Rhine-Westphalia,grant,both,buildings,0.005042
Poland / Ministry of Foreign Affairs,grant,adaptation,water,0.0050368
Spain / Public Universities,grant,both,finance_policy,0.004941
Norway / NORFUND,grant,mitigation,education,0.004924
Germany / Federal Foreign Office,grant,both,agriculture_land_use,0.004816000000000001
UN Capital Development Fund / UNCDF,grant,adaptation,transport,0.004772200000000001
"Austria / FM of Education, Science and Research",grant,mitigation,finance_policy,0.004702400000000001
Lithuania / Ministry of Agriculture,grant,adaptation,agriculture_land_use,0.0046928000000000004
Italy / Public universities and research institutes and Italian red cross,grant,both,agriculture_land_use,0.0046766
Italy / Earmarked fiscal flows to NGOs & religious organisations,grant,adaptation,health,0.0046696
Czechia / Ministry of Foreign Affairs,grant,mitigation,education,0.0046508
Denmark / Ministry of Foreign Affairs,grant,both,industry_mining,0.0046408
"Austria / FM of Education, Science and Research",grant,both,finance_policy,0.004626
Italy / Public universities and research institutes and Italian red cross,grant,adaptation,industry_mining,0.0045976
Germany / Land Schleswig-Holstein,grant,adaptation,other,0.0045884
Lithuania / Ministry of Agriculture,grant,adaptation,other,0.004586
Czechia / Czech Development Agency,grant,mitigation,water,0.0044328
"International Centre for Genetic Engineering and Biotechnology / ICGEB Core, developmental",grant,adaptation,agriculture_land_use,0.0044088
Slovenia / Ministry of Foreign and European Affairs,grant,adaptation,water,0.004326
Germany / Free Hanseatic City of Bremen,grant,both,transport,0.004326
Slovak Republic / Slovak Agency for International Deve (SAMRS),grant,mitigation,water,0.004326
Slovenia / Ministry of Foreign and European Affairs,grant,both,transport,0.004326
Germany / Land Rhineland-Palatinate,grant,adaptation,energy,0.0043252
Poland / Ministry of Foreign Affairs,grant,adaptation,agriculture_land_use,0.004306
"Austria / FM of Education, Science and Research",grant,mitigation,agriculture_land_use,0.0043036
Hungary / Ministry of Foreign Affairs and Trade,grant,mitigation,energy,0.0042896
Romania / ROAID,grant,adaptation,transport,0.0040672
"United Kingdom / Department for Business, Innovation and Skills",grant,mitigation,industry_mining,0.0040672
Hungary / Ministry of Energy,grant,both,finance_policy,0.004030000000000001
"United Kingdom / Department for Business, Innovation and Skills",grant,mitigation,waste,0.003998000000000001
Germany / Free Hanseatic City of Bremen,grant,adaptation,agriculture_land_use,0.0039904
Germany / Land Schleswig-Holstein,grant,adaptation,agriculture_land_use,0.0039492
Luxembourg / Ministry of Foreign and European Affairs,grant,mitigation,water,0.0039152
Canada / International Development Research Centre,grant,both,finance_policy,0.0039132
Italy / Central administration,grant,adaptation,buildings,0.003894
Bezos Earth Fund,grant,adaptation,education,0.00388
Germany / Land Saarland,grant,adaptation,transport,0.00385
Italy / Local administration - Unspecified,grant,both,buildings,0.0038064
Latvia / Other ministries and institutions,grant,both,energy,0.003656
France / Ministry of Agriculture,grant,adaptation,agriculture_land_use,0.003634
Italy / Earmarked fiscal flows to NGOs & religious organisations,grant,adaptation,finance_policy,0.0036064
Slovenia / Miscellaneous,grant,both,buildings,0.0035900000000000003
Germany / Land Saarland,grant,both,industry_mining,0.0035804000000000005
Lithuania / Ministry of Foreign Affairs,grant,mitigation,energy,0.0034604000000000006
Italy / Ministry of Foreign Affairs and International Cooperation,grant,adaptation,other,0.0032440000000000004
Italy / Local administration - Unspecified,grant,adaptation,transport,0.0032440000000000004
Spain / Comunidad Autónoma de Galicia,grant,mitigation,finance_policy,0.003244
Germany / Federal Foreign Office,grant,adaptation,health,0.0032196000000000004
Spain / Public Universities,grant,adaptation,transport,0.003093
Italy / Public universities and research institutes and Italian red cross,grant,both,energy,0.0030708000000000003
Germany / Land Lower-Saxony,grant,both,water,0.0030540000000000003
Italy / Ministry of Foreign Affairs and International Cooperation,grant,mitigation,education,0.0030276
Czechia / Ministry of Foreign Affairs,grant,both,other,0.0030044000000000004
Germany / Land North Rhine-Westphalia,grant,adaptation,education,0.0029744000000000003
Italy / Local administration - Municipalities and metropolitan cities,grant,both,education,0.002922
Hungary / Ministry of Foreign Affairs and Trade,grant,mitigation,other,0.0028456
Italy / Local administration - Municipalities and metropolitan cities,grant,mitigation,buildings,0.0028364
Croatia / Croatian Bank for Reconstruction and Development,grant,both,finance_policy,0.0028272
Austria / Federal Ministry for European and International Affairs,grant,both,transport,0.0027640000000000004
"Austria / Provincial governments, local communities",grant,both,energy,0.002703
Germany / Land Schleswig-Holstein,grant,adaptation,education,0.0025512
Norway / Norwegian Agency for Exchange Cooperation,grant,mitigation,other,0.002456
Spain / Comunidad Autónoma de Cataluña,grant,mitigation,agriculture_land_use,0.002409
Japan / Prefectures,grant,adaptation,agriculture_land_use,0.0023824000000000002
Germany / Land Saarland,grant,adaptation,agriculture_land_use,0.002348
Germany / Land North Rhine-Westphalia,grant,mitigation,other,0.0023144000000000003
Germany / Land North Rhine-Westphalia,grant,both,water,0.002314
Japan / Prefectures,grant,both,agriculture_land_use,0.0023088
"International Centre for Genetic Engineering and Biotechnology / ICGEB Core, developmental",grant,mitigation,industry_mining,0.0022978
Switzerland / Swiss Agency for Development and Co-operation,grant,both,education,0.0021712
Germany / Free and Hanseatic City of Hamburg,grant,adaptation,buildings,0.0021632
Italy / Public universities and research institutes and Italian red cross,grant,both,buildings,0.002148
Italy / Public universities and research institutes and Italian red cross,grant,adaptation,agriculture_land_use,0.0021404
Germany / Land Schleswig-Holstein,grant,both,agriculture_land_use,0.0020996
France / COOP DECENTRAL/MAE,grant,mitigation,buildings,0.0018748000000000003
Germany / Free Hanseatic City of Bremen,grant,adaptation,other,0.0017875999999999999
Germany / Free Hanseatic City of Bremen,grant,both,education,0.0017844
Germany / Free and Hanseatic City of Hamburg,grant,both,other,0.0017304
Germany / Land Schleswig-Holstein,grant,both,education,0.0017180000000000001
Italy / Local administration - Municipalities and metropolitan cities,grant,both,health,0.0016552000000000001
Germany / Land Saarland,grant,both,energy,0.0015900000000000003
Austria / Federal Ministry for European and International Affairs,grant,both,water,0.0015140000000000002
Germany / Free and Hanseatic City of Hamburg,grant,both,agriculture_land_use,0.0015140000000000002
Italy / Local administration - Municipalities and metropolitan cities,grant,both,buildings,0.00151
Switzerland / Swiss Agency for Development and Co-operation,grant,mitigation,education,0.0014656
Germany / Land Saarland,grant,both,education,0.0014620000000000002
Hungary / Ministry of Energy,grant,both,transport,0.001359
Germany / Land Schleswig-Holstein,grant,adaptation,buildings,0.0013536
UNDP,grant,mitigation,water,0.001346
Lithuania / Ministry of Foreign Affairs,grant,adaptation,buildings,0.0012980000000000001
United Kingdom / British International Investment,equity,mitigation,industry_mining,0.001243
Switzerland / Cantons and municipalities,grant,both,health,0.0011128000000000002
Germany / Free Hanseatic City of Bremen,grant,adaptation,education,0.001106
UNECE,grant,adaptation,energy,0.001097
France / Ministry of Foreign Affairs,grant,mitigation,health,0.0010816
Italy / Local administration - Municipalities and metropolitan cities,grant,both,water,0.0010266
Bezos Earth Fund,grant,adaptation,agriculture_land_use,0.001
Portugal / Camões-Institute for Cooperation and Language,other,mitigation,transport,0.000923
"Austria / Provincial governments, local communities",grant,mitigation,education,0.0009084000000000001
Germany / Land Schleswig-Holstein,grant,adaptation,transport,0.000902
Switzerland / Cantons and municipalities,grant,mitigation,education,0.0008904000000000001
UNICEF,grant,adaptation,buildings,0.0008
Spain / Public Universities,grant,mitigation,health,0.0007576000000000001
"International Centre for Genetic Engineering and Biotechnology / ICGEB Core, developmental",grant,adaptation,health,0.0007404
Italy / Public universities and research institutes and Italian red cross,grant,mitigation,agriculture_land_use,0.0007180000000000001
Italy / Public universities and research institutes and Italian red cross,grant,adaptation,energy,0.0007176000000000001
Italy / Earmarked fiscal flows to NGOs,grant,both,education,0.000698
Italy / Local administration - Unspecified,grant,adaptation,other,0.0006056
Poland / Ministry of Climate and Environment,grant,adaptation,other,0.000476
UNICEF,grant,mitigation,finance_policy,0.0004
Italy / Local administration - Municipalities and metropolitan cities,grant,mitigation,education,0.00036800000000000005
Italy / Local administration - Municipalities and metropolitan cities,grant,mitigation,finance_policy,0.000346
Germany / Free State of Saxony,grant,both,transport,0.000343
Germany / Free State of Saxony,grant,both,agriculture_land_use,0.0002934
UNDP,grant,both,other,0.00023999999999999998
"Austria / Provincial governments, local communities",grant,both,agriculture_land_use,0.00021040000000000002
Germany / Free State of Saxony,grant,both,education,5e-05
Canada / International Development Research Centre,grant,mitigation,transport,3.6400000000000004e-05
Italy / Ministry of Economy and Finance,grant,mitigation,other,2.8800000000000002e-05
Germany / Free State of Saxony,grant,both,other,2.6400000000000005e-05
Germany / Free State of Saxony,grant,both,water,1.3200000000000002e-05
